Zone ID,FC Abbreviation,Zone Name,Christmas or New Years,Pack Date,Delivery Date,Custo Open Date / Time,Custo Close Date / Time,Dispatch Date / Time
8ff09422-4188-463a-802c-0f7afdff707e,CHI,CHI: MONDAY / TUESDAY PM,Christmas,12/26/2022,12/27/2022,"Thursday, 12/22 - 03:00 PM","Saturday, 12/24 - 12:00 PM","Sunday, 12/25 - 06:00 PM"
c0e3d0ef-fedb-4cec-81cb-54d44f1f25c5,LA,LAX: MONDAY PM,Christmas,12/26/2022,12/27/2022,"Thursday, 12/22 - 03:00 PM","Saturday, 12/24 - 12:00 PM","Saturday, 12/24 - 03:00 PM"
809168bd-e140-40d7-a68a-d987dfed93b8,PNW,PDX: MONDAY PM,Christmas,12/26/2022,12/27/2022,"Thursday, 12/22 - 03:00 PM","Saturday, 12/24 - 12:00 PM","Saturday, 12/24 - 06:00 PM"
d1173b22-06ae-49ab-b45c-1bfed0332a3f,PNW,SEA: WEDNESDAY PM,Christmas,12/28/2022,12/29/2022,"Friday, 12/23 - 03:00 PM","Monday, 12/26 - 12:00 PM","Monday, 12/26 - 06:00 PM"
84e03d9b-7b67-4a8b-910d-72c7e1da6097,PNW,PDX: WEDNESDAY PM,Christmas,12/28/2022,12/29/2022,"Friday, 12/23 - 03:00 PM","Monday, 12/26 - 12:00 PM","Monday, 12/26 - 06:00 PM"
54ba1cc5-5f65-4c1e-b021-2dac65ff3c7f,PNW,PDX: TUESDAY PM,Christmas,12/27/2022,12/28/2022,"Thursday, 12/22 - 03:00 PM","Sunday, 12/25 - 12:00 PM","Sunday, 12/25 - 06:00 PM"
0b58b1f2-b858-4607-bcad-83d7cf13fd91,PNW,PDX: THURSDAY PM,Christmas,12/29/2022,12/30/2022,"Monday, 12/26 - 01:00 PM","Tuesday, 12/27 - 03:00 PM","Tuesday, 12/27 - 09:00 PM"
b013d3d2-16ff-450f-bd7d-cae53fe77f79,PNW,SEA: THURSDAY PM,Christmas,12/29/2022,12/30/2022,"Monday, 12/26 - 01:00 PM","Tuesday, 12/27 - 03:00 PM","Tuesday, 12/27 - 09:00 PM"
5bde7ccc-173a-44a0-b290-88dbf142d077,PNW,PDX: Employee Warehouse Pick Up,Christmas,12/26/2022,12/27/2022,"Thursday, 12/22 - 03:00 PM","Saturday, 12/24 - 12:00 PM","Saturday, 12/24 - 06:00 PM"
b65ce124-cdeb-4572-88b9-d71c4e39337c,CHI,CHI: Employee Warehouse Pick Up,Christmas,12/27/2022,12/28/2022,"Friday, 12/23 - 03:00 PM","Monday, 12/26 - 12:00 PM","Monday, 12/26 - 06:00 PM"
2f3aaf90-12ae-48c3-899d-2fec9a6d9761,PNW,SEA: TUESDAY PM,Christmas,12/27/2022,12/28/2022,"Thursday, 12/22 - 03:00 PM","Sunday, 12/25 - 12:00 PM","Sunday, 12/25 - 06:00 PM"
b49381d8-e88d-420f-bfc7-ce679e9ea835,LA,LAX: WEDNESDAY / THURSDAY PM,Christmas,12/28/2022,12/29/2022,"Friday, 12/23 - 03:00 PM","Monday, 12/26 - 12:00 PM","Tuesday, 12/27 - 03:00 PM"
9268a6e2-5096-488f-bf0f-743ec70e93ec,LA,LAX: TUESDAY PM,Christmas,12/27/2022,12/28/2022,"Thursday, 12/22 - 03:00 PM","Sunday, 12/25 - 12:00 PM","Sunday, 12/25 - 03:00 PM"
11c31e1d-9d8e-411d-a10b-cbd51bc941ec,LA,LAX: Employee Warehouse Pick Up,Christmas,12/29/2022,12/30/2022,"Saturday, 12/24 - 03:00 PM","Wednesday, 12/28 - 12:00 PM","Wednesday, 12/28 - 03:00 PM"
b682c9c4-9d1c-4257-8271-1dc8b3d1d5ef,LA,LAX: FRIDAY PM,Christmas,12/29/2022,12/30/2022,"Saturday, 12/24 - 03:00 PM","Wednesday, 12/28 - 12:00 PM","Wednesday, 12/28 - 03:00 PM"
b5f0d71a-d2df-4eca-822e-36bb6c068781,CHI,CHI: WEDNESDAY PM,Christmas,12/27/2022,12/28/2022,"Friday, 12/23 - 03:00 PM","Monday, 12/26 - 12:00 PM","Monday, 12/26 - 06:00 PM"
8e9384e0-6134-4f48-a5b2-0b5c946c0dbe,CHI,MKE: WEDNESDAY PM,Christmas,12/28/2022,12/29/2022,"Friday, 12/23 - 03:00 PM","Monday, 12/26 - 12:00 PM","Monday, 12/26 - 06:00 PM"
ad503420-eeaa-4ff6-a8c1-42ecf9705e80,CHI,MKE: THURSDAY PM,Christmas,12/29/2022,12/30/2022,"Monday, 12/26 - 01:00 PM","Tuesday, 12/27 - 03:00 PM","Tuesday, 12/27 - 09:00 PM"
88431f27-bb91-4188-b82e-f2a8fe224502,CHI,MKE: TUESDAY PM,Christmas,12/27/2022,12/28/2022,"Thursday, 12/22 - 03:00 PM","Sunday, 12/25 - 12:00 PM","Sunday, 12/25 - 06:00 PM"
5115c018-4299-4fa3-9f65-f75e34e2db55,CHI,MKE: MONDAY PM,Christmas,12/26/2022,12/27/2022,"Thursday, 12/22 - 03:00 PM","Saturday, 12/24 - 12:00 PM","Saturday, 12/24 - 06:00 PM"
fdc49817-1d9f-42eb-bb03-a81f80a5b9e1,CHI,IND: THURSDAY PM,Christmas,12/29/2022,12/30/2022,"Monday, 12/26 - 12:00 PM","Tuesday, 12/27 - 02:00 PM","Tuesday, 12/27 - 08:00 PM"
01f65d48-1c84-4f13-a6c2-e63d8661e68d,CHI,IND: WEDNESDAY PM,Christmas,12/28/2022,12/29/2022,"Friday, 12/23 - 02:00 PM","Monday, 12/26 - 11:00 AM","Monday, 12/26 - 05:00 PM"
d3363dd4-375c-47fa-8403-0b3a52b6282d,CHI,IND: TUESDAY PM,Christmas,12/27/2022,12/28/2022,"Thursday, 12/22 - 02:00 PM","Sunday, 12/25 - 11:00 AM","Sunday, 12/25 - 05:00 PM"
ed333e3c-d145-4c40-959e-32bf2bd9dac1,CHI,IND: MONDAY PM,Christmas,12/26/2022,12/27/2022,"Thursday, 12/22 - 02:00 PM","Saturday, 12/24 - 11:00 AM","Saturday, 12/24 - 05:00 PM"
8c8a4efd-fc7a-4b67-bd4f-ad2304cfe391,CHI,CHI: FRIDAY PM,Christmas,12/29/2022,12/30/2022,"Monday, 12/26 - 01:00 PM","Wednesday, 12/28 - 12:00 PM","Wednesday, 12/28 - 06:00 PM"
49d06ffa-c4cb-4047-a4cc-d022bfbfe4c6,CHI,CHI: THURSDAY PM,Christmas,12/28/2022,12/29/2022,"Monday, 12/26 - 01:00 PM","Tuesday, 12/27 - 03:00 PM","Tuesday, 12/27 - 09:00 PM"
dabccbce-a78b-4303-92aa-cd15bd42f9f0,CHI,IND: Employee Warehouse Pick Up,Christmas,12/27/2022,12/28/2022,"Friday, 12/23 - 02:00 PM","Monday, 12/26 - 11:00 AM","Monday, 12/26 - 05:00 PM"
7153b1ce-6ad2-42d7-aab6-f8fad70d294d,PNW,SEA: MONDAY PM,Christmas,12/26/2022,12/27/2022,"Thursday, 12/22 - 03:00 PM","Saturday, 12/24 - 12:00 PM","Saturday, 12/24 - 06:00 PM"
cf94b1cd-3ddd-4fc6-afb5-12820d7ae44b,SAT,SAT: MONDAY / TUESDAY PM,Christmas,12/26/2022,12/27/2022,"Thursday, 12/22 - 03:00 PM","Saturday, 12/24 - 12:00 PM","Sunday, 12/25 - 06:00 PM"
cc6eb110-5f69-4180-bad6-863ff8ec9c7d,SAT,SAT: FRIDAY PM,Christmas,12/29/2022,12/30/2022,"Monday, 12/26 - 01:00 PM","Wednesday, 12/28 - 12:00 PM","Wednesday, 12/28 - 06:00 PM"
262a0da2-4591-4f3e-8bef-ba23af4c2a95,SAT,SAT: THURSDAY PM,Christmas,12/28/2022,12/29/2022,"Monday, 12/26 - 01:00 PM","Tuesday, 12/27 - 03:00 PM","Tuesday, 12/27 - 09:00 PM"
903d8cce-eb9d-44cd-89fa-62d66f4e156b,SAT,SAT: WEDNESDAY PM,Christmas,12/27/2022,12/28/2022,"Friday, 12/23 - 03:00 PM","Monday, 12/26 - 12:00 PM","Monday, 12/26 - 06:00 PM"
34b803d2-676e-4df3-ab7f-6c15302a5808,LA,SAN: FRIDAY PM,Christmas,12/29/2022,12/30/2022,"Saturday, 12/24 - 03:00 PM","Wednesday, 12/28 - 12:00 PM","Wednesday, 12/28 - 03:00 PM"
e4c59fd0-f64c-42cb-8dfb-bed937651a25,LA,SAN: MONDAY / TUESDAY PM,Christmas,12/26/2022,12/27/2022,"Thursday, 12/22 - 03:00 PM","Saturday, 12/24 - 12:00 PM","Sunday, 12/25 - 03:00 PM"
82c2bf2d-14fb-4685-8b51-17e4b51ae5ab,LA,SAN: WEDNESDAY PM,Christmas,12/27/2022,12/28/2022,"Friday, 12/23 - 03:00 PM","Monday, 12/26 - 12:00 PM","Monday, 12/26 - 03:00 PM"
2b25a0f2-d0c8-469a-abcf-223e2506569a,LA,SAN: THURSDAY PM,Christmas,12/28/2022,12/29/2022,"Friday, 12/23 - 03:00 PM","Tuesday, 12/27 - 12:00 PM","Tuesday, 12/27 - 03:00 PM"
4f7320ee-3263-43b2-b653-cb7c42dcff90,LA,DEN: TUESDAY PM,Christmas,12/26/2022,12/28/2022,"Thursday, 12/22 - 02:00 PM","Saturday, 12/24 - 11:00 AM","Saturday, 12/24 - 02:00 PM"
be2e2a84-192a-474a-b4db-b33948c4e58b,SAT,AUS: TUESDAY PM,Christmas,12/26/2022,12/27/2022,"Thursday, 12/22 - 03:00 PM","Sunday, 12/25 - 12:00 PM","Sunday, 12/25 - 06:00 PM"
e17e1d80-08c5-4eba-9360-89d7a8842c04,SAT,AUS: WEDNESDAY PM,Christmas,12/27/2022,12/28/2022,"Friday, 12/23 - 03:00 PM","Monday, 12/26 - 12:00 PM","Monday, 12/26 - 06:00 PM"
2fd9d1c3-7af4-476c-88c7-8ac02c92365b,SAT,AUS: THURSDAY PM,Christmas,12/28/2022,12/29/2022,"Monday, 12/26 - 01:00 PM","Tuesday, 12/27 - 03:00 PM","Tuesday, 12/27 - 09:00 PM"
927ce05f-042f-4cbd-ac2f-a4c1ca71a86c,SAT,AUS: FRIDAY PM,Christmas,12/29/2022,12/30/2022,"Monday, 12/26 - 01:00 PM","Wednesday, 12/28 - 12:00 PM","Wednesday, 12/28 - 06:00 PM"
1f1112d1-15ab-4c07-a11f-503645e8ccf7,BWI,BWI: WEDNESDAY / THURSDAY PM,Christmas,12/28/2022,12/29/2022,"Friday, 12/23 - 03:00 PM","Monday, 12/26 - 12:00 PM","Tuesday, 12/27 - 09:00 PM"
a62e6e07-f503-4d31-bb3c-685ba8697606,BWI,BWI: TUESDAY PM,Christmas,12/27/2022,12/28/2022,"Thursday, 12/22 - 03:00 PM","Sunday, 12/25 - 12:00 PM","Sunday, 12/25 - 06:00 PM"
056da182-39ca-416b-9cde-e3471de2d846,BWI,BWI: FRIDAY PM,Christmas,12/29/2022,12/30/2022,"Monday, 12/26 - 01:00 PM","Wednesday, 12/28 - 12:00 PM","Wednesday, 12/28 - 06:00 PM"
0b5a39d7-b625-41aa-8ee0-44a4d8722bc1,BWI,BWI: MONDAY PM,Christmas,12/26/2022,12/27/2022,"Thursday, 12/22 - 03:00 PM","Saturday, 12/24 - 12:00 PM","Saturday, 12/24 - 06:00 PM"
a4adfe7f-4261-4458-9816-eeec75a9d983,CHI,NWI: FRIDAY PM,Christmas,12/29/2022,12/30/2022,"Monday, 12/26 - 01:00 PM","Wednesday, 12/28 - 12:00 PM","Wednesday, 12/28 - 06:00 PM"
33f2d21d-9698-4c61-94a6-2b9850d794d9,CHI,NWI: WEDNESDAY PM,Christmas,12/27/2022,12/28/2022,"Friday, 12/23 - 03:00 PM","Monday, 12/26 - 12:00 PM","Monday, 12/26 - 06:00 PM"
b66f763f-014f-46e5-a15e-eaa2fa8aa2a1,CHI,NWI: THURSDAY PM,Christmas,12/28/2022,12/29/2022,"Monday, 12/26 - 01:00 PM","Tuesday, 12/27 - 03:00 PM","Tuesday, 12/27 - 09:00 PM"
36325eda-eac7-4a6f-aa98-2a7f109b768b,CHI,NWI: TUESDAY PM,Christmas,12/26/2022,12/27/2022,"Thursday, 12/22 - 03:00 PM","Sunday, 12/25 - 12:00 PM","Sunday, 12/25 - 06:00 PM"
6be6d842-df3e-410b-900c-2ec32abb39f5,SAT,IAH: THURSDAY PM,Christmas,12/28/2022,12/29/2022,"Monday, 12/26 - 01:00 PM","Tuesday, 12/27 - 03:00 PM","Tuesday, 12/27 - 09:00 PM"
6b9faba3-64b3-4859-9182-a680db86f760,SAT,IAH: WEDNESDAY PM,Christmas,12/27/2022,12/28/2022,"Friday, 12/23 - 03:00 PM","Monday, 12/26 - 12:00 PM","Monday, 12/26 - 06:00 PM"
623fc947-e6c0-4135-a1f1-1a02c5ff2ac9,SAT,IAH: TUESDAY PM,Christmas,12/26/2022,12/27/2022,"Thursday, 12/22 - 03:00 PM","Sunday, 12/25 - 12:00 PM","Sunday, 12/25 - 06:00 PM"
aea42b7b-e698-4d85-85ce-f86f18760e8f,SAT,IAH: FRIDAY PM,Christmas,12/29/2022,12/30/2022,"Monday, 12/26 - 01:00 PM","Wednesday, 12/28 - 12:00 PM","Wednesday, 12/28 - 06:00 PM"
17f7bda3-440f-4639-81f9-626da52716ae,BWI,NVA: WEDNESDAY PM,Christmas,12/27/2022,12/28/2022,"Friday, 12/23 - 03:00 PM","Monday, 12/26 - 12:00 PM","Monday, 12/26 - 06:00 PM"
50ae8cf4-d99a-461b-a90a-5b9c94bfdeb9,BWI,NVA: THURSDAY PM,Christmas,12/28/2022,12/29/2022,"Monday, 12/26 - 01:00 PM","Tuesday, 12/27 - 03:00 PM","Tuesday, 12/27 - 09:00 PM"
c20a3e51-4a21-481a-9dc9-ef9336adfd8a,BWI,NVA: MONDAY / TUESDAY PM,Christmas,12/26/2022,12/27/2022,"Thursday, 12/22 - 03:00 PM","Saturday, 12/24 - 12:00 PM","Sunday, 12/25 - 06:00 PM"
43c4aea6-15c9-422d-a0c9-339108026c19,BWI,NVA: FRIDAY PM,Christmas,12/29/2022,12/30/2022,"Monday, 12/26 - 01:00 PM","Wednesday, 12/28 - 12:00 PM","Wednesday, 12/28 - 06:00 PM"
4ea186e1-661a-452c-857e-546ea4be8167,BWI,MOC: THURSDAY PM,Christmas,12/28/2022,12/29/2022,"Monday, 12/26 - 01:00 PM","Tuesday, 12/27 - 03:00 PM","Tuesday, 12/27 - 09:00 PM"
8697f4cc-e888-4f28-89b3-087d6cbcda5f,BWI,MOC: TUESDAY / WEDNESDAY PM,Christmas,12/27/2022,12/28/2022,"Thursday, 12/22 - 03:00 PM","Sunday, 12/25 - 12:00 PM","Monday, 12/26 - 06:00 PM"
e843f8d2-317d-44d0-98d3-fa2dd0af241b,BWI,MOC: FRIDAY PM,Christmas,12/29/2022,12/30/2022,"Monday, 12/26 - 01:00 PM","Wednesday, 12/28 - 12:00 PM","Wednesday, 12/28 - 06:00 PM"
a43e5acc-2a91-4826-80a9-05cd666369da,BWI,MOC: MONDAY PM,Christmas,12/26/2022,12/27/2022,"Thursday, 12/22 - 03:00 PM","Saturday, 12/24 - 12:00 PM","Saturday, 12/24 - 06:00 PM"
4d12a24b-569c-41a4-9447-80fd7156f7fe,LA,DEN: WEDNESDAY PM,Christmas,12/27/2022,12/29/2022,"Thursday, 12/22 - 02:00 PM","Saturday, 12/24 - 11:00 AM","Saturday, 12/24 - 02:00 PM"
59593f1b-aaf8-475c-b411-71405108dcd2,LA,DEN: THURSDAY PM,Christmas,12/28/2022,12/30/2022,"Friday, 12/23 - 02:00 PM","Monday, 12/26 - 11:00 AM","Monday, 12/26 - 02:00 PM"
be6e9e75-bf64-49ec-bce0-08b88052bfae,BWI,PHL: Employee Warehouse Pick Up: Wed 7:00AM - 9:00PM EDT,Christmas,12/27/2022,12/28/2022,"Friday, 12/23 - 03:00 PM","Monday, 12/26 - 12:00 PM","Monday, 12/26 - 06:00 PM"
038d1d6e-476d-4e98-9d2c-d0f3a89b08df,BWI,BRX: Employee Warehouse Pick Up: Wed 7:00AM - 9:00PM EDT,Christmas,12/27/2022,12/28/2022,"Friday, 12/23 - 03:00 PM","Monday, 12/26 - 12:00 PM","Monday, 12/26 - 06:00 PM"
a0dc1d3e-5948-4ad2-9131-71d29c6c3d17,BWI,LIM: MONDAY,Christmas,12/26/2022,12/27/2022,"Thursday, 12/22 - 03:00 PM","Saturday, 12/24 - 12:00 PM","Saturday, 12/24 - 06:00 PM"
a3374a93-76af-4090-bef3-e2913ce881ff,LA,SAC: MONDAY / TUESDAY PM LAX,Christmas,12/26/2022,12/27/2022,"Thursday, 12/22 - 03:00 PM","Saturday, 12/24 - 12:00 PM","Sunday, 12/25 - 03:00 PM"
1dc0d882-364b-4d3d-bd94-919398aba246,PNW,OLM: Employee Warehouse Pick-Up,Christmas,12/29/2022,12/30/2022,"Monday, 12/26 - 01:00 PM","Tuesday, 12/27 - 03:00 PM","Tuesday, 12/27 - 09:00 PM"
70ae14e8-292a-4bc2-a1d8-37f5ddf04d72,LA,DEN: Employee Warehouse Pick Up,Christmas,12/27/2022,12/28/2022,"Thursday, 12/22 - 02:00 PM","Saturday, 12/24 - 11:00 AM","Saturday, 12/24 - 05:00 PM"
c68ca8e0-3192-4f53-bfc9-cf45b01e7aaa,LA,EBY: MONDAY PM LAX,Christmas,12/26/2022,12/27/2022,"Thursday, 12/22 - 03:00 PM","Saturday, 12/24 - 12:00 PM","Saturday, 12/24 - 03:00 PM"
23e7b9aa-4ce2-4a90-be71-68cc7385e234,SAT,DFW: THURSDAY PM,Christmas,12/28/2022,12/29/2022,"Monday, 12/26 - 01:00 PM","Tuesday, 12/27 - 03:00 PM","Tuesday, 12/27 - 09:00 PM"
932cb4b2-323d-464f-ae04-00471667c68f,SAT,DFW: TUESDAY PM,Christmas,12/26/2022,12/27/2022,"Thursday, 12/22 - 03:00 PM","Sunday, 12/25 - 12:00 PM","Sunday, 12/25 - 06:00 PM"
918772d8-0eff-46ef-be59-88c0946fb4fd,SAT,DFW: FRIDAY PM,Christmas,12/29/2022,12/30/2022,"Monday, 12/26 - 01:00 PM","Wednesday, 12/28 - 12:00 PM","Wednesday, 12/28 - 06:00 PM"
970e26aa-4d95-4cc4-b93e-2762fa53122a,SAT,DFW: WEDNESDAY PM,Christmas,12/27/2022,12/28/2022,"Friday, 12/23 - 03:00 PM","Monday, 12/26 - 12:00 PM","Monday, 12/26 - 06:00 PM"
1b572488-cdca-4732-ac30-2f54c49a042c,CHI,MSP: MONDAY PM,Christmas,12/26/2022,12/27/2022,"Thursday, 12/22 - 03:00 PM","Saturday, 12/24 - 12:00 PM","Saturday, 12/24 - 06:00 PM"
a7bfed0c-0701-4b9f-b025-fc3f0a9674fe,CHI,MSP: WEDNESDAY PM,Christmas,12/28/2022,12/29/2022,"Friday, 12/23 - 03:00 PM","Monday, 12/26 - 12:00 PM","Monday, 12/26 - 06:00 PM"
a47d4bde-606f-4303-bd44-acab2b1e2a04,CHI,MSP: THURSDAY PM,Christmas,12/29/2022,12/30/2022,"Monday, 12/26 - 01:00 PM","Tuesday, 12/27 - 03:00 PM","Tuesday, 12/27 - 09:00 PM"
b367bf19-8f8a-4700-b0d6-dee55be0d386,CHI,MSP: TUESDAY PM,Christmas,12/27/2022,12/28/2022,"Thursday, 12/22 - 03:00 PM","Sunday, 12/25 - 12:00 PM","Sunday, 12/25 - 06:00 PM"
333b4e39-c61d-4feb-ac54-1fae9d2483dc,CHI,DSM: THURSDAY PM,Christmas,12/28/2022,12/29/2022,"Monday, 12/26 - 01:00 PM","Tuesday, 12/27 - 03:00 PM","Tuesday, 12/27 - 09:00 PM"
7874d168-e1e3-4cad-ab0a-325c376ddb3a,LA,SNA: WEDNESDAY PM,Christmas,12/27/2022,12/28/2022,"Friday, 12/23 - 03:00 PM","Monday, 12/26 - 12:00 PM","Monday, 12/26 - 03:00 PM"
44d302e2-deb0-4fe1-a801-3c6d5fa94729,LA,SNA: MONDAY / TUESDAY PM,Christmas,12/26/2022,12/27/2022,"Thursday, 12/22 - 03:00 PM","Saturday, 12/24 - 12:00 PM","Sunday, 12/25 - 03:00 PM"
ad83bd3e-ddae-4aa2-bf02-34245dd8dde2,LA,SNA: THURSDAY PM,Christmas,12/28/2022,12/29/2022,"Friday, 12/23 - 03:00 PM","Tuesday, 12/27 - 12:00 PM","Tuesday, 12/27 - 03:00 PM"
08c80929-d550-4081-a934-583a6f1b55b0,LA,SNA: FRIDAY PM,Christmas,12/29/2022,12/30/2022,"Saturday, 12/24 - 03:00 PM","Wednesday, 12/28 - 12:00 PM","Wednesday, 12/28 - 03:00 PM"
09beb073-e11e-49a0-9e8d-0b640317dad5,CHI,MSN: MONDAY PM,Christmas,12/26/2022,12/27/2022,"Thursday, 12/22 - 03:00 PM","Saturday, 12/24 - 12:00 PM","Saturday, 12/24 - 06:00 PM"
8f790b0f-2bc4-44c0-981f-b8bd70a90c1a,CHI,MSN: TUESDAY PM,Christmas,12/27/2022,12/28/2022,"Thursday, 12/22 - 03:00 PM","Sunday, 12/25 - 12:00 PM","Sunday, 12/25 - 06:00 PM"
3096692c-6773-46f1-a8e6-95530e2712b1,CHI,MSN: WEDNESDAY PM,Christmas,12/28/2022,12/29/2022,"Friday, 12/23 - 03:00 PM","Monday, 12/26 - 12:00 PM","Monday, 12/26 - 06:00 PM"
61927e3c-7a56-4149-bb58-4d85c9c5b6b1,CHI,MSN: THURSDAY PM,Christmas,12/29/2022,12/30/2022,"Monday, 12/26 - 01:00 PM","Tuesday, 12/27 - 03:00 PM","Tuesday, 12/27 - 09:00 PM"
383eb230-09b8-481e-b879-eff2e97d6ddf,CHI,DSM: WEDNESDAY PM,Christmas,12/27/2022,12/28/2022,"Friday, 12/23 - 03:00 PM","Monday, 12/26 - 12:00 PM","Monday, 12/26 - 06:00 PM"
d152b910-575a-49f9-b42e-09dbdd47e46c,LA,TUS: MONDAY PM,Christmas,12/26/2022,12/27/2022,"Thursday, 12/22 - 02:00 PM","Saturday, 12/24 - 11:00 AM","Saturday, 12/24 - 03:00 PM"
d55410dd-4dd5-4bc9-a561-9a1448ef3c1a,CHI,DSM: FRIDAY PM,Christmas,12/29/2022,12/30/2022,"Monday, 12/26 - 01:00 PM","Wednesday, 12/28 - 12:00 PM","Wednesday, 12/28 - 06:00 PM"
9696167d-2294-45f5-8780-1a510a4c9271,LA,TUS: TUESDAY PM,Christmas,12/27/2022,12/28/2022,"Thursday, 12/22 - 02:00 PM","Sunday, 12/25 - 11:00 AM","Sunday, 12/25 - 03:00 PM"
26356ac8-f9e8-436f-a846-12847e291168,CHI,BNA: Employee Warehouse Pick Up,Christmas,12/27/2022,12/28/2022,"Friday, 12/23 - 03:00 PM","Monday, 12/26 - 12:00 PM","Monday, 12/26 - 06:00 PM"
6d3dc4e9-1a11-4e29-a918-3ccc4f8e5af1,BWI,LIM: TUESDAY,Christmas,12/27/2022,12/28/2022,"Thursday, 12/22 - 03:00 PM","Sunday, 12/25 - 12:00 PM","Sunday, 12/25 - 06:00 PM"
040a0686-bad2-4827-82e1-ab76e3d244cb,LA,EBY: TUESDAY PM LAX,Christmas,12/27/2022,12/28/2022,"Thursday, 12/22 - 03:00 PM","Sunday, 12/25 - 12:00 PM","Sunday, 12/25 - 03:00 PM"
9c73d854-ad41-4b67-bce8-7cbe26f668d1,LA,NBY: FRIDAY PM LAX,Christmas,12/29/2022,12/30/2022,"Saturday, 12/24 - 03:00 PM","Wednesday, 12/28 - 12:00 PM","Wednesday, 12/28 - 03:00 PM"
8e3bce01-13ca-40ff-8037-191c0a9287b6,LA,TUS: WEDNESDAY PM,Christmas,12/28/2022,12/29/2022,"Friday, 12/23 - 02:00 PM","Monday, 12/26 - 11:00 AM","Monday, 12/26 - 03:00 PM"
a8d10ff2-da55-4024-b8c8-ed7ca6312054,BWI,PHL: THURSDAY PM,Christmas,12/28/2022,12/29/2022,"Monday, 12/26 - 01:00 PM","Tuesday, 12/27 - 03:00 PM","Tuesday, 12/27 - 09:00 PM"
46fda255-3740-48c6-b256-9888d388dc1f,BWI,PHL: TUESDAY PM,Christmas,12/26/2022,12/27/2022,"Thursday, 12/22 - 03:00 PM","Sunday, 12/25 - 12:00 PM","Sunday, 12/25 - 06:00 PM"
1a09d9c3-d8c9-44ec-83fe-b5203c06f017,BWI,PHL: WEDNESDAY PM,Christmas,12/27/2022,12/28/2022,"Friday, 12/23 - 03:00 PM","Monday, 12/26 - 12:00 PM","Monday, 12/26 - 06:00 PM"
1c451e98-f8fc-4869-8507-a4d83de17d67,BWI,PHL: MONDAY PM,Christmas,12/25/2022,12/26/2022,"Thursday, 12/22 - 03:00 PM","Saturday, 12/24 - 12:00 PM","Saturday, 12/24 - 06:00 PM"
92c18fb7-6c28-4971-834e-613a1ab67bd5,BWI,PHL: FRIDAY PM,Christmas,12/29/2022,12/30/2022,"Monday, 12/26 - 01:00 PM","Wednesday, 12/28 - 12:00 PM","Wednesday, 12/28 - 06:00 PM"
67a42175-d929-4290-a586-1885db0d7a09,LA,SBY: THURSDAY PM,Christmas,12/28/2022,12/29/2022,"Friday, 12/23 - 03:00 PM","Tuesday, 12/27 - 12:00 PM","Tuesday, 12/27 - 03:00 PM"
33687397-e353-4ca2-9386-f7d04f223ffc,LA,SBY: TUESDAY / WEDNESDAY PM,Christmas,12/27/2022,12/28/2022,"Thursday, 12/22 - 03:00 PM","Sunday, 12/25 - 12:00 PM","Monday, 12/26 - 03:00 PM"
e7439bbf-ff7b-4982-b43a-373d5e025877,LA,SBY: MONDAY PM,Christmas,12/26/2022,12/27/2022,"Thursday, 12/22 - 03:00 PM","Saturday, 12/24 - 12:00 PM","Saturday, 12/24 - 03:00 PM"
8a58e18a-97b7-47ff-8731-2a886e1fd58f,LA,SBY: Employee Warehouse Pick Up,Christmas,12/29/2022,12/30/2022,"Saturday, 12/24 - 03:00 PM","Wednesday, 12/28 - 12:00 PM","Wednesday, 12/28 - 03:00 PM"
beb5b501-26c0-4f45-a836-c1b5eb9a69c8,LA,SBY: FRIDAY PM,Christmas,12/29/2022,12/30/2022,"Saturday, 12/24 - 03:00 PM","Wednesday, 12/28 - 12:00 PM","Wednesday, 12/28 - 03:00 PM"
3c560c07-1713-4c80-8866-2ffb74ad2487,BWI,EWR: MONDAY PM,Christmas,12/26/2022,12/27/2022,"Thursday, 12/22 - 03:00 PM","Saturday, 12/24 - 12:00 PM","Saturday, 12/24 - 06:00 PM"
556535a1-e79e-4057-962a-bfb40e6b726c,BWI,EWR: TUESDAY PM,Christmas,12/27/2022,12/28/2022,"Thursday, 12/22 - 03:00 PM","Sunday, 12/25 - 12:00 PM","Sunday, 12/25 - 06:00 PM"
37fd4319-9f53-48d2-b310-631aa57e1d5e,BWI,EWR: THURSDAY PM,Christmas,12/29/2022,12/30/2022,"Monday, 12/26 - 01:00 PM","Tuesday, 12/27 - 03:00 PM","Tuesday, 12/27 - 09:00 PM"
b7f9cea9-5dba-4d3e-ab2f-14072106155e,BWI,EWR: WEDNESDAY PM,Christmas,12/28/2022,12/29/2022,"Friday, 12/23 - 03:00 PM","Monday, 12/26 - 12:00 PM","Monday, 12/26 - 06:00 PM"
df848bfc-b257-494a-884c-3ef9ae57aa83,CHI,DTW: TUESDAY PM,Christmas,12/26/2022,12/27/2022,"Thursday, 12/22 - 02:00 PM","Sunday, 12/25 - 11:00 AM","Sunday, 12/25 - 05:00 PM"
ccbbc746-17c8-489c-91e4-537cb18b5bd4,CHI,DTW: THURSDAY PM,Christmas,12/28/2022,12/29/2022,"Monday, 12/26 - 12:00 PM","Tuesday, 12/27 - 02:00 PM","Tuesday, 12/27 - 08:00 PM"
f5a46292-383b-4c03-81fe-059d42a235a9,CHI,DTW: FRIDAY PM,Christmas,12/29/2022,12/30/2022,"Monday, 12/26 - 12:00 PM","Wednesday, 12/28 - 11:00 AM","Wednesday, 12/28 - 05:00 PM"
033f0fd7-35a0-4a76-a252-b6e61542c029,CHI,DTW: WEDNESDAY PM,Christmas,12/27/2022,12/28/2022,"Friday, 12/23 - 02:00 PM","Monday, 12/26 - 11:00 AM","Monday, 12/26 - 05:00 PM"
ddfdca1a-a717-4480-8566-a203958389c2,BWI,BOS: FRIDAY PM,Christmas,12/29/2022,12/30/2022,"Monday, 12/26 - 01:00 PM","Wednesday, 12/28 - 12:00 PM","Wednesday, 12/28 - 06:00 PM"
354f6497-6a26-4e63-acdc-2fc148e8a2cf,BWI,BOS: TUESDAY PM,Christmas,12/26/2022,12/27/2022,"Thursday, 12/22 - 03:00 PM","Sunday, 12/25 - 12:00 PM","Sunday, 12/25 - 06:00 PM"
7f177998-0e15-42f4-9c54-902968a6d9a9,BWI,BOS: THURSDAY PM,Christmas,12/28/2022,12/29/2022,"Monday, 12/26 - 01:00 PM","Tuesday, 12/27 - 03:00 PM","Tuesday, 12/27 - 09:00 PM"
e4057652-7bf6-4b61-ad93-e629b3b732d9,BWI,BOS: WEDNESDAY PM,Christmas,12/27/2022,12/28/2022,"Friday, 12/23 - 03:00 PM","Monday, 12/26 - 12:00 PM","Monday, 12/26 - 06:00 PM"
2f786aff-25c0-40d4-9fcb-8bfb1f06b018,LA,TUS: THURSDAY PM,Christmas,12/29/2022,12/30/2022,"Friday, 12/23 - 02:00 PM","Tuesday, 12/27 - 11:00 AM","Tuesday, 12/27 - 03:00 PM"
39291ca9-0e7e-458c-bfde-36f900bb33dd,BWI,PIT: Employee Warehouse Pick Up: Tue 7:00AM - 9:00PM EDT,Christmas,12/26/2022,12/27/2022,"Thursday, 12/22 - 03:00 PM","Sunday, 12/25 - 12:00 PM","Sunday, 12/25 - 06:00 PM"
0f6dfcda-fca3-4bf7-a6a7-3c37850f7916,LA,SAC: WEDNESDAY PM LAX,Christmas,12/27/2022,12/28/2022,"Friday, 12/23 - 03:00 PM","Monday, 12/26 - 12:00 PM","Monday, 12/26 - 03:00 PM"
68ddecb0-f0f5-49f4-99a6-8e1d0a3cf575,LA,EBY: WEDNESDAY / THURSDAY PM LAX,Christmas,12/28/2022,12/29/2022,"Friday, 12/23 - 03:00 PM","Monday, 12/26 - 12:00 PM","Tuesday, 12/27 - 03:00 PM"
728184f4-86bb-452c-9ac7-5c6a76726e3d,LA,SAC: THURSDAY PM LAX,Christmas,12/28/2022,12/29/2022,"Friday, 12/23 - 03:00 PM","Tuesday, 12/27 - 12:00 PM","Tuesday, 12/27 - 03:00 PM"
b252c8e1-2692-4590-a43a-01c9533d6056,LA,RNO: WEDNESDAY PM LAX,Christmas,12/27/2022,12/28/2022,"Friday, 12/23 - 03:00 PM","Monday, 12/26 - 12:00 PM","Monday, 12/26 - 03:00 PM"
f7cb92de-d15b-46be-a5ca-6bfa9b8316e1,LA,SFO: MONDAY / TUESDAY PM LAX,Christmas,12/26/2022,12/27/2022,"Thursday, 12/22 - 03:00 PM","Saturday, 12/24 - 12:00 PM","Sunday, 12/25 - 03:00 PM"
3fa520ea-62a5-4d07-b246-d47002bd93db,LA,SAC: FRIDAY PM LAX,Christmas,12/29/2022,12/30/2022,"Saturday, 12/24 - 03:00 PM","Wednesday, 12/28 - 12:00 PM","Wednesday, 12/28 - 03:00 PM"
9e6a5de8-d798-43b8-8d4d-f4879e65dd55,LA,EBY: FRIDAY PM LAX,Christmas,12/29/2022,12/30/2022,"Saturday, 12/24 - 03:00 PM","Wednesday, 12/28 - 12:00 PM","Wednesday, 12/28 - 03:00 PM"
3961712f-a445-4f02-b158-06bfbc5377a4,CHI,KCI: Employee Warehouse Pick Up,Christmas,12/27/2022,12/28/2022,"Friday, 12/23 - 03:00 PM","Monday, 12/26 - 12:00 PM","Monday, 12/26 - 06:00 PM"
9f7b249d-067e-4449-8603-d56ec71f687f,BWI,BWI: Employee Warehouse Pick Up,Christmas,12/26/2022,12/27/2022,"Thursday, 12/22 - 03:00 PM","Saturday, 12/24 - 12:00 PM","Saturday, 12/24 - 06:00 PM"
c6036be2-2011-470b-b709-0ad609afc2b3,PNW,BOI: THURSDAY PM,Christmas,12/28/2022,12/30/2022,"Friday, 12/23 - 02:00 PM","Monday, 12/26 - 11:00 AM","Monday, 12/26 - 05:00 PM"
61b4aeb5-730b-467e-97e3-7d3a0dc60ad0,PNW,BOI: MONDAY PM,Christmas,12/26/2022,12/27/2022,"Thursday, 12/22 - 02:00 PM","Saturday, 12/24 - 11:00 AM","Saturday, 12/24 - 05:00 PM"
37b45486-b428-49fc-878c-d2f7c56487a6,CHI,DTW: Employee Warehouse Pick Up,Christmas,12/27/2022,12/28/2022,"Friday, 12/23 - 02:00 PM","Monday, 12/26 - 11:00 AM","Monday, 12/26 - 05:00 PM"
b371e3ec-533f-4931-ae5c-ddb9e29ff53d,PNW,EUG: WEDNESDAY PM,Christmas,12/28/2022,12/29/2022,"Friday, 12/23 - 03:00 PM","Monday, 12/26 - 12:00 PM","Monday, 12/26 - 06:00 PM"
bedae23d-81bc-4dd7-b07a-39a855ed4368,BWI,CLE: Employee Warehouse Pick Up,Christmas,12/29/2022,12/30/2022,"Monday, 12/26 - 01:00 PM","Wednesday, 12/28 - 12:00 PM","Wednesday, 12/28 - 06:00 PM"
a6ba9f10-e4d3-4f8f-ad01-0a15616da8ce,SAT,SAT: Employee Warehouse Pick Up,Christmas,12/26/2022,12/27/2022,"Thursday, 12/22 - 03:00 PM","Sunday, 12/25 - 12:00 PM","Sunday, 12/25 - 06:00 PM"
44e6b6be-b3fe-4872-a09a-5ff90ec69cf0,LA,LAS: Employee Warehouse Pick Up,Christmas,12/29/2022,12/30/2022,"Friday, 12/23 - 03:00 PM","Tuesday, 12/27 - 12:00 PM","Tuesday, 12/27 - 03:00 PM"
6a30695d-c456-4dd0-995a-510eb97239c0,PNW,BLI: THURSDAY PM,Christmas,12/29/2022,12/30/2022,"Monday, 12/26 - 01:00 PM","Tuesday, 12/27 - 03:00 PM","Tuesday, 12/27 - 09:00 PM"
54216262-2823-4ca6-a08f-35d48a076607,CHI,MKE: Employee Warehouse Pick Up,Christmas,12/27/2022,12/28/2022,"Friday, 12/23 - 03:00 PM","Monday, 12/26 - 12:00 PM","Monday, 12/26 - 06:00 PM"
6adabf61-cb11-4fa7-991f-79f24e8866f2,LA,SBA: Employee Warehouse Pick Up,Christmas,12/28/2022,12/29/2022,"Monday, 12/26 - 01:00 PM","Tuesday, 12/27 - 12:00 PM","Tuesday, 12/27 - 03:00 PM"
729203b9-02da-4862-acf1-a13787d48fb8,SAT,IAH: Employee Warehouse Pick Up,Christmas,12/26/2022,12/27/2022,"Thursday, 12/22 - 03:00 PM","Sunday, 12/25 - 12:00 PM","Sunday, 12/25 - 06:00 PM"
2c9fdf4b-b11f-46aa-8881-15894b71f1fb,LA,LAS: TUESDAY PM,Christmas,12/27/2022,12/28/2022,"Thursday, 12/22 - 03:00 PM","Sunday, 12/25 - 12:00 PM","Sunday, 12/25 - 03:00 PM"
a1668dfb-c0a2-47de-ab17-2c4445a01934,PNW,BLI: Employee Warehouse Pick Up,Christmas,12/26/2022,12/27/2022,"Thursday, 12/22 - 03:00 PM","Saturday, 12/24 - 12:00 PM","Saturday, 12/24 - 06:00 PM"
cc738d76-6e5f-4ec0-89d2-76b0b293d583,SAT,OKC: FRIDAY PM,Christmas,12/29/2022,12/30/2022,"Monday, 12/26 - 01:00 PM","Wednesday, 12/28 - 12:00 PM","Wednesday, 12/28 - 06:00 PM"
0e3eeed0-ad8d-49eb-ac2b-c9ad2fae76bf,PNW,BOI: Employee Warehouse Pickup,Christmas,12/28/2022,12/30/2022,"Friday, 12/23 - 02:00 PM","Monday, 12/26 - 11:00 AM","Monday, 12/26 - 05:00 PM"
74436f9a-a259-4e9f-9271-46ae2efeee43,BWI,HAR: WEDNESDAY PM,Christmas,12/27/2022,12/28/2022,"Friday, 12/23 - 03:00 PM","Monday, 12/26 - 12:00 PM","Monday, 12/26 - 06:00 PM"
868eb2e9-b571-446d-a064-1556485afed1,CHI,NWI: Employee Warehouse Pick Up,Christmas,12/27/2022,12/28/2022,"Friday, 12/23 - 03:00 PM","Monday, 12/26 - 12:00 PM","Monday, 12/26 - 06:00 PM"
a2c61600-652a-47fe-a722-ec23f9748928,BWI,CLE: WEDNESDAY PM,Christmas,12/27/2022,12/28/2022,"Friday, 12/23 - 03:00 PM","Monday, 12/26 - 12:00 PM","Monday, 12/26 - 06:00 PM"
a5a3ad27-fdbc-4bee-bdfe-a95e45470795,PNW,EUG: MONDAY PM,Christmas,12/26/2022,12/27/2022,"Thursday, 12/22 - 03:00 PM","Saturday, 12/24 - 12:00 PM","Saturday, 12/24 - 06:00 PM"
7ba43a1c-8d68-4b2f-8791-f5778e6ace73,BWI,HAR: Employee Warehouse Pick Up,Christmas,12/27/2022,12/28/2022,"Thursday, 12/22 - 03:00 PM","Sunday, 12/25 - 12:00 PM","Sunday, 12/25 - 06:00 PM"
410589e8-a96c-4d3f-a549-2e636e716eea,LA,LAS: THURSDAY PM,Christmas,12/29/2022,12/30/2022,"Friday, 12/23 - 03:00 PM","Tuesday, 12/27 - 12:00 PM","Tuesday, 12/27 - 03:00 PM"
1fb25134-8032-4bbc-a780-cd0838fb85f5,BWI,PIT: THURSDAY PM,Christmas,12/28/2022,12/29/2022,"Monday, 12/26 - 01:00 PM","Tuesday, 12/27 - 03:00 PM","Tuesday, 12/27 - 09:00 PM"
bded7ac9-3a69-4a5a-afac-b5095cc46f58,PNW,BLI: WEDNESDAY PM,Christmas,12/28/2022,12/29/2022,"Friday, 12/23 - 03:00 PM","Monday, 12/26 - 12:00 PM","Monday, 12/26 - 06:00 PM"
9a9af910-85ac-4ba7-92ab-777f7f8a5b49,SAT,TPL: THURSDAY PM,Christmas,12/28/2022,12/29/2022,"Monday, 12/26 - 01:00 PM","Tuesday, 12/27 - 03:00 PM","Tuesday, 12/27 - 09:00 PM"
ab642e62-e718-458e-a708-52d0a015c642,SAT,OKC: THURSDAY PM,Christmas,12/28/2022,12/29/2022,"Monday, 12/26 - 01:00 PM","Tuesday, 12/27 - 03:00 PM","Tuesday, 12/27 - 09:00 PM"
99328fa5-c34b-449a-bf06-04946ca74ea3,PNW,BOI: TUESDAY PM,Christmas,12/26/2022,12/28/2022,"Thursday, 12/22 - 02:00 PM","Saturday, 12/24 - 11:00 AM","Saturday, 12/24 - 05:00 PM"
30cf21d6-27b2-4076-9bbf-ceeae5cc00d3,CHI,MSP: Employee Warehouse Pick Up,Christmas,12/27/2022,12/28/2022,"Friday, 12/23 - 03:00 PM","Monday, 12/26 - 12:00 PM","Monday, 12/26 - 06:00 PM"
01fd6dc3-a210-448c-8294-03f1d36cbab8,LA,SBA: THURSDAY / FRIDAY PM,Christmas,12/29/2022,12/30/2022,"Friday, 12/23 - 03:00 PM","Tuesday, 12/27 - 12:00 PM","Wednesday, 12/28 - 03:00 PM"
00317d42-315f-4fc6-9804-3ff4c2994f4e,LA,MCE: WEDNESDAY PM,Christmas,12/27/2022,12/28/2022,"Friday, 12/23 - 03:00 PM","Monday, 12/26 - 12:00 PM","Monday, 12/26 - 03:00 PM"
703332e4-b39c-424f-9680-b925514a0438,BWI,NVA: Employee Warehouse Pick Up,Christmas,12/27/2022,12/28/2022,"Thursday, 12/22 - 03:00 PM","Sunday, 12/25 - 12:00 PM","Sunday, 12/25 - 06:00 PM"
82ba9e97-5546-4b2c-8eb9-e58388b8e141,BWI,RIC: THURSDAY PM,Christmas,12/28/2022,12/29/2022,"Monday, 12/26 - 01:00 PM","Tuesday, 12/27 - 03:00 PM","Tuesday, 12/27 - 09:00 PM"
91a31ca6-a994-46bc-97f6-7c2c51fc292e,LA,LAS: WEDNESDAY PM,Christmas,12/28/2022,12/29/2022,"Friday, 12/23 - 03:00 PM","Monday, 12/26 - 12:00 PM","Monday, 12/26 - 03:00 PM"
5320ed06-71b2-4215-95af-27b4e426a45e,PNW,BLI: TUESDAY PM,Christmas,12/27/2022,12/28/2022,"Thursday, 12/22 - 03:00 PM","Sunday, 12/25 - 12:00 PM","Sunday, 12/25 - 06:00 PM"
293965d3-a3e7-4d8c-9273-9fb90f8a1388,SAT,OKC: TUESDAY PM,Christmas,12/26/2022,12/27/2022,"Thursday, 12/22 - 03:00 PM","Sunday, 12/25 - 12:00 PM","Sunday, 12/25 - 06:00 PM"
dfa5eb33-19c1-430f-839f-07e6cde493c8,PNW,BOI: WEDNESDAY PM,Christmas,12/28/2022,12/29/2022,"Friday, 12/23 - 02:00 PM","Monday, 12/26 - 11:00 AM","Monday, 12/26 - 05:00 PM"
59265382-ae96-432c-8316-42f36acee070,CHI,MSN: Employee Warehouse Pick Up,Christmas,12/27/2022,12/28/2022,"Friday, 12/23 - 03:00 PM","Monday, 12/26 - 12:00 PM","Monday, 12/26 - 06:00 PM"
774cf24e-50e2-4f3c-9abe-b8b89e268b6d,CHI,KCI: THURSDAY PM,Christmas,12/28/2022,12/29/2022,"Monday, 12/26 - 01:00 PM","Tuesday, 12/27 - 03:00 PM","Tuesday, 12/27 - 09:00 PM"
375d482d-6b27-490b-afc5-62237d6d34a0,SAT,DFW: Employee Warehouse Pick Up,Christmas,12/26/2022,12/27/2022,"Thursday, 12/22 - 03:00 PM","Sunday, 12/25 - 12:00 PM","Sunday, 12/25 - 06:00 PM"
8715c6de-c48b-4c1d-86f8-bc76c615ac00,CHI,LOU: TUESDAY PM,Christmas,12/27/2022,12/28/2022,"Thursday, 12/22 - 02:00 PM","Sunday, 12/25 - 11:00 AM","Sunday, 12/25 - 05:00 PM"
887cdd63-24f4-4d6a-8860-e246f958cefc,LA,LAS: MONDAY PM,Christmas,12/26/2022,12/27/2022,"Thursday, 12/22 - 03:00 PM","Saturday, 12/24 - 12:00 PM","Saturday, 12/24 - 03:00 PM"
ba4de2fc-6956-47bf-9672-87646fc20ff2,BWI,PIT: FRIDAY PM,Christmas,12/29/2022,12/30/2022,"Monday, 12/26 - 01:00 PM","Wednesday, 12/28 - 12:00 PM","Wednesday, 12/28 - 06:00 PM"
b940c337-cccc-48b1-928c-7ebd81743905,SAT,OKC: WEDNESDAY PM,Christmas,12/27/2022,12/28/2022,"Friday, 12/23 - 03:00 PM","Monday, 12/26 - 12:00 PM","Monday, 12/26 - 06:00 PM"
851cf97c-a74b-4e49-9d2f-fc93bbfb0354,CHI,STL: TUESDAY PM,Christmas,12/26/2022,12/27/2022,"Thursday, 12/22 - 03:00 PM","Sunday, 12/25 - 12:00 PM","Sunday, 12/25 - 06:00 PM"
95ec92dd-f2a1-4d0a-82b0-7303133a10c0,CHI,STL: WEDNESDAY PM,Christmas,12/27/2022,12/28/2022,"Friday, 12/23 - 03:00 PM","Monday, 12/26 - 12:00 PM","Monday, 12/26 - 06:00 PM"
f81087c8-3aaf-4fb1-9b69-e53bf47328f8,LA,MCE: TUESDAY PM,Christmas,12/26/2022,12/27/2022,"Thursday, 12/22 - 03:00 PM","Sunday, 12/25 - 12:00 PM","Sunday, 12/25 - 03:00 PM"
c9b4cebc-c17a-47d4-88a1-48f90bd8da26,BWI,CLE: FRIDAY PM,Christmas,12/29/2022,12/30/2022,"Monday, 12/26 - 01:00 PM","Wednesday, 12/28 - 12:00 PM","Wednesday, 12/28 - 06:00 PM"
4710ac75-70f7-45c3-99f4-adf450179be0,PNW,EUG: TUESDAY PM,Christmas,12/27/2022,12/28/2022,"Thursday, 12/22 - 03:00 PM","Sunday, 12/25 - 12:00 PM","Sunday, 12/25 - 06:00 PM"
7d7a2fc1-01db-4f07-b3ad-59e0d77cc10b,BWI,BRX: MONDAY PM,Christmas,12/26/2022,12/27/2022,"Thursday, 12/22 - 03:00 PM","Saturday, 12/24 - 12:00 PM","Saturday, 12/24 - 06:00 PM"
adad5293-d6db-463d-8c24-f9cedb40f90a,CHI,SWM: THURSDAY PM,Christmas,12/28/2022,12/29/2022,"Monday, 12/26 - 12:00 PM","Tuesday, 12/27 - 02:00 PM","Tuesday, 12/27 - 08:00 PM"
729c4f93-59c7-4c42-b1ab-9820b3bc93c1,SAT,BTR: WEDNESDAY PM,Christmas,12/27/2022,12/28/2022,"Friday, 12/23 - 03:00 PM","Monday, 12/26 - 12:00 PM","Monday, 12/26 - 06:00 PM"
33c2c2f5-fc85-4f8f-86b0-a6eabf8519ad,CHI,DAY: MONDAY PM,Christmas,12/26/2022,12/27/2022,"Thursday, 12/22 - 02:00 PM","Saturday, 12/24 - 11:00 AM","Saturday, 12/24 - 05:00 PM"
ebb20ef1-40b4-4f3a-b384-819bd5b5980d,BWI,LIM: WEDNESDAY,Christmas,12/28/2022,12/29/2022,"Friday, 12/23 - 03:00 PM","Monday, 12/26 - 12:00 PM","Monday, 12/26 - 06:00 PM"
38d598e8-07ae-49fb-9c20-5eea146e6911,CHI,LOU: Employee Warehouse Pick Up,Christmas,12/27/2022,12/28/2022,"Friday, 12/23 - 02:00 PM","Monday, 12/26 - 11:00 AM","Monday, 12/26 - 05:00 PM"
f966f90d-6e95-449a-8894-f3e64e574197,LA,PHX: THURSDAY PM,Christmas,12/29/2022,12/30/2022,"Friday, 12/23 - 02:00 PM","Tuesday, 12/27 - 11:00 AM","Tuesday, 12/27 - 03:00 PM"
215c70a2-2715-470c-ad71-faf1e354baa8,PNW,BDN: WEDNESDAY PM,Christmas,12/28/2022,12/29/2022,"Friday, 12/23 - 03:00 PM","Monday, 12/26 - 12:00 PM","Monday, 12/26 - 06:00 PM"
7455aca5-1825-424f-aa3c-bb2d4ade3971,LA,SLC: Employee Warehouse Pickup,Christmas,12/29/2022,12/30/2022,"Friday, 12/23 - 02:00 PM","Tuesday, 12/27 - 11:00 AM","Tuesday, 12/27 - 02:00 PM"
c4ac5edc-32b9-4eed-b3a0-0468307fc769,BWI,HAR: TUESDAY PM,Christmas,12/26/2022,12/27/2022,"Thursday, 12/22 - 03:00 PM","Sunday, 12/25 - 12:00 PM","Sunday, 12/25 - 06:00 PM"
47dbdb81-355b-4999-82fe-235fda34db39,CHI,STL: THURSDAY PM,Christmas,12/28/2022,12/29/2022,"Monday, 12/26 - 01:00 PM","Tuesday, 12/27 - 03:00 PM","Tuesday, 12/27 - 09:00 PM"
32a39f50-8819-4c9b-b6cb-61860d85c9d0,CHI,KCI: TUESDAY PM,Christmas,12/26/2022,12/27/2022,"Thursday, 12/22 - 03:00 PM","Sunday, 12/25 - 12:00 PM","Sunday, 12/25 - 06:00 PM"
53f17c88-b3b0-4ea4-ab12-3c51cceff55a,BWI,CLE: TUESDAY PM,Christmas,12/26/2022,12/27/2022,"Thursday, 12/22 - 03:00 PM","Sunday, 12/25 - 12:00 PM","Sunday, 12/25 - 06:00 PM"
3b5e41cd-7e0e-4b67-8830-99eb650f9cd3,LA,SAN: Employee Warehouse Pick Up,Christmas,12/28/2022,12/29/2022,"Friday, 12/23 - 03:00 PM","Tuesday, 12/27 - 12:00 PM","Tuesday, 12/27 - 03:00 PM"
caa66307-4cb6-48cc-8203-24916e389fc7,BWI,BRX: TUESDAY PM,Christmas,12/27/2022,12/28/2022,"Thursday, 12/22 - 03:00 PM","Sunday, 12/25 - 12:00 PM","Sunday, 12/25 - 06:00 PM"
f5b8ea03-8dbf-4761-96c2-a25eb54e46fd,CHI,SWM: Employee Warehouse Pick Up,Christmas,12/27/2022,12/28/2022,"Friday, 12/23 - 02:00 PM","Monday, 12/26 - 11:00 AM","Monday, 12/26 - 05:00 PM"
cdeeb92a-786e-48c5-a89f-446229448a18,SAT,BTR: FRIDAY PM,Christmas,12/29/2022,12/30/2022,"Monday, 12/26 - 01:00 PM","Wednesday, 12/28 - 12:00 PM","Wednesday, 12/28 - 06:00 PM"
7341c66a-4c03-4a8a-8c69-5d4111e69599,CHI,DAY: Employee Warehouse Pick Up,Christmas,12/27/2022,12/28/2022,"Friday, 12/23 - 02:00 PM","Monday, 12/26 - 11:00 AM","Monday, 12/26 - 05:00 PM"
513206b8-4b80-422a-8509-7809e539cdeb,BWI,LIM: THURSDAY,Christmas,12/29/2022,12/30/2022,"Monday, 12/26 - 01:00 PM","Tuesday, 12/27 - 03:00 PM","Tuesday, 12/27 - 09:00 PM"
8a2553b1-63eb-436c-9c99-0e2fcca775b3,PNW,SPK: TUESDAY PM,Christmas,12/27/2022,12/28/2022,"Thursday, 12/22 - 03:00 PM","Sunday, 12/25 - 12:00 PM","Sunday, 12/25 - 06:00 PM"
53c25d18-d6cb-4cbe-876e-a7a6977dbb79,LA,PHX: TUESDAY PM,Christmas,12/27/2022,12/28/2022,"Thursday, 12/22 - 02:00 PM","Sunday, 12/25 - 11:00 AM","Sunday, 12/25 - 03:00 PM"
203636c8-ef2c-40e3-a0e5-edf13a4ee3d6,PNW,BDN: TUESDAY PM,Christmas,12/27/2022,12/28/2022,"Thursday, 12/22 - 03:00 PM","Sunday, 12/25 - 12:00 PM","Sunday, 12/25 - 06:00 PM"
fba43e76-0c24-4b21-b29a-69cd5b211127,LA,SLC: TUESDAY PM,Christmas,12/27/2022,12/28/2022,"Thursday, 12/22 - 02:00 PM","Sunday, 12/25 - 11:00 AM","Sunday, 12/25 - 02:00 PM"
3ba657c7-7ca3-4902-8b21-d69f8dce8f80,LA,SBA: WEDNESDAY PM,Christmas,12/28/2022,12/29/2022,"Friday, 12/23 - 03:00 PM","Monday, 12/26 - 12:00 PM","Monday, 12/26 - 03:00 PM"
15522e8f-d228-4d80-aa04-99b844748db0,BWI,EWR: Employee Warehouse Pick Up,Christmas,12/27/2022,12/28/2022,"Thursday, 12/22 - 03:00 PM","Saturday, 12/24 - 12:00 PM","Saturday, 12/24 - 06:00 PM"
43f7f1d2-3405-49d7-814f-1a4f851433c3,CHI,SWM: TUESDAY PM,Christmas,12/26/2022,12/27/2022,"Thursday, 12/22 - 02:00 PM","Sunday, 12/25 - 11:00 AM","Sunday, 12/25 - 05:00 PM"
0274b8e2-6ae4-41c1-a2f1-92aa8fbbb1d1,SAT,BTR: TUESDAY PM,Christmas,12/26/2022,12/27/2022,"Thursday, 12/22 - 03:00 PM","Sunday, 12/25 - 12:00 PM","Sunday, 12/25 - 06:00 PM"
1175aef7-e7cd-4899-8a60-56f18c72b08a,CHI,DAY: WEDNESDAY PM,Christmas,12/28/2022,12/29/2022,"Friday, 12/23 - 02:00 PM","Monday, 12/26 - 11:00 AM","Monday, 12/26 - 05:00 PM"
7fd2d5a7-7882-489f-a153-0c2f57e8fcfd,CHI,LOU: THURSDAY PM,Christmas,12/29/2022,12/30/2022,"Monday, 12/26 - 12:00 PM","Tuesday, 12/27 - 02:00 PM","Tuesday, 12/27 - 08:00 PM"
7a1d9ceb-2b8f-447f-91a8-a9c4ccaea5a0,PNW,SPK: MONDAY PM,Christmas,12/26/2022,12/27/2022,"Thursday, 12/22 - 03:00 PM","Saturday, 12/24 - 12:00 PM","Saturday, 12/24 - 06:00 PM"
51659bfb-a6c1-43c4-a30f-533899fcbc29,LA,PHX: WEDNESDAY PM,Christmas,12/28/2022,12/29/2022,"Friday, 12/23 - 02:00 PM","Monday, 12/26 - 11:00 AM","Monday, 12/26 - 03:00 PM"
5a91624a-61ea-48c8-8fe0-61a9cdd95113,PNW,BDN: MONDAY PM,Christmas,12/26/2022,12/27/2022,"Thursday, 12/22 - 03:00 PM","Saturday, 12/24 - 12:00 PM","Saturday, 12/24 - 06:00 PM"
ac30b44a-acf9-4f6f-934f-9700a6d12a77,LA,SLC: MONDAY PM,Christmas,12/26/2022,12/27/2022,"Thursday, 12/22 - 02:00 PM","Saturday, 12/24 - 11:00 AM","Saturday, 12/24 - 02:00 PM"
42e4e2d6-15cd-4cad-a0f8-60ac37925297,CHI,STL: FRIDAY PM,Christmas,12/29/2022,12/30/2022,"Monday, 12/26 - 01:00 PM","Wednesday, 12/28 - 12:00 PM","Wednesday, 12/28 - 06:00 PM"
b0459d03-6961-4235-86c3-13b9e9449d00,SAT,ATM: FRIDAY PM,Christmas,12/29/2022,12/30/2022,"Monday, 12/26 - 01:00 PM","Wednesday, 12/28 - 12:00 PM","Wednesday, 12/28 - 06:00 PM"
f7496d9e-2681-4f43-a830-a3246e667352,BWI,BRX: THURSDAY PM,Christmas,12/29/2022,12/30/2022,"Monday, 12/26 - 01:00 PM","Tuesday, 12/27 - 03:00 PM","Tuesday, 12/27 - 09:00 PM"
eb87e579-a380-4744-ba9c-2e35d2423569,CHI,SWM: FRIDAY PM,Christmas,12/29/2022,12/30/2022,"Monday, 12/26 - 12:00 PM","Wednesday, 12/28 - 11:00 AM","Wednesday, 12/28 - 05:00 PM"
771cb403-4fb0-4d19-b287-d71b8cb32037,SAT,BTR: Employee Warehouse Pick Up,Christmas,12/26/2022,12/27/2022,"Thursday, 12/22 - 03:00 PM","Sunday, 12/25 - 12:00 PM","Sunday, 12/25 - 06:00 PM"
c099ac81-c1ec-4260-bc15-b4f2a1776507,CHI,DAY: THURSDAY PM,Christmas,12/29/2022,12/30/2022,"Monday, 12/26 - 12:00 PM","Tuesday, 12/27 - 02:00 PM","Tuesday, 12/27 - 08:00 PM"
e192972b-91bd-4e1e-9e6e-8a2763d1f349,CHI,LOU: WEDNESDAY PM,Christmas,12/28/2022,12/29/2022,"Friday, 12/23 - 02:00 PM","Monday, 12/26 - 11:00 AM","Monday, 12/26 - 05:00 PM"
ebf2b9af-6d56-4989-8ff7-cb03ef0a90d9,PNW,SPK: Employee Warehouse Pick Up,Christmas,12/27/2022,12/28/2022,"Thursday, 12/22 - 03:00 PM","Sunday, 12/25 - 12:00 PM","Sunday, 12/25 - 06:00 PM"
f79383bd-f80a-4322-8214-2a1c76284d0e,LA,PHX: Employee Warehouse Pickup,Christmas,12/29/2022,12/30/2022,"Friday, 12/23 - 02:00 PM","Tuesday, 12/27 - 11:00 AM","Tuesday, 12/27 - 03:00 PM"
6045937b-2b87-4d21-9711-374a8b599736,PNW,BDN: THURSDAY PM,Christmas,12/29/2022,12/30/2022,"Monday, 12/26 - 01:00 PM","Tuesday, 12/27 - 03:00 PM","Tuesday, 12/27 - 09:00 PM"
9f0bd76d-cbc4-4a61-8421-e1709e94b3f1,LA,SLC: THURSDAY PM,Christmas,12/29/2022,12/30/2022,"Friday, 12/23 - 02:00 PM","Tuesday, 12/27 - 11:00 AM","Tuesday, 12/27 - 02:00 PM"
34e11f8d-ae17-4458-b519-bdbcbbb08ff5,LA,SBA: MONDAY PM,Christmas,12/26/2022,12/27/2022,"Thursday, 12/22 - 03:00 PM","Saturday, 12/24 - 12:00 PM","Saturday, 12/24 - 03:00 PM"
01f5093a-f3bc-46ca-90a9-526c63601d8e,LA,MCE: FRIDAY PM,Christmas,12/29/2022,12/30/2022,"Saturday, 12/24 - 03:00 PM","Wednesday, 12/28 - 12:00 PM","Wednesday, 12/28 - 03:00 PM"
734facf9-67ad-4f86-b0ba-b576967b248d,CHI,KCI: WEDNESDAY PM,Christmas,12/27/2022,12/28/2022,"Friday, 12/23 - 03:00 PM","Monday, 12/26 - 12:00 PM","Monday, 12/26 - 06:00 PM"
354d7dca-bb36-4b64-bee6-e54163af72c5,PNW,SEA: Employee Warehouse Pick Up,Christmas,12/26/2022,12/27/2022,"Thursday, 12/22 - 03:00 PM","Saturday, 12/24 - 12:00 PM","Saturday, 12/24 - 06:00 PM"
2d52ca73-91a7-4957-82d5-b4bab17d099b,BWI,HAR: FRIDAY PM,Christmas,12/29/2022,12/30/2022,"Monday, 12/26 - 01:00 PM","Wednesday, 12/28 - 12:00 PM","Wednesday, 12/28 - 06:00 PM"
427038ad-54ab-4128-9bba-79daf0b31aa1,LA,SBA: TUESDAY PM,Christmas,12/27/2022,12/28/2022,"Thursday, 12/22 - 03:00 PM","Sunday, 12/25 - 12:00 PM","Sunday, 12/25 - 03:00 PM"
56c677e8-d742-4e11-9319-2217422467c2,BWI,MOC: Employee Warehouse Pick Up,Christmas,12/27/2022,12/28/2022,"Monday, 12/26 - 01:00 PM","Wednesday, 12/28 - 12:00 PM","Wednesday, 12/28 - 06:00 PM"
7ba06165-7dcd-4abf-a85d-54ed293ff34f,BWI,BRX: WEDNESDAY PM,Christmas,12/28/2022,12/29/2022,"Friday, 12/23 - 03:00 PM","Monday, 12/26 - 12:00 PM","Monday, 12/26 - 06:00 PM"
bd19e048-5550-4103-a11d-5c3526c61b9c,SAT,BTR: THURSDAY PM,Christmas,12/28/2022,12/29/2022,"Monday, 12/26 - 01:00 PM","Tuesday, 12/27 - 03:00 PM","Tuesday, 12/27 - 09:00 PM"
64eecab1-de5c-4cb7-8e5a-a83efc194b8a,CHI,DAY: TUESDAY PM,Christmas,12/27/2022,12/28/2022,"Thursday, 12/22 - 02:00 PM","Sunday, 12/25 - 11:00 AM","Sunday, 12/25 - 05:00 PM"
d54a502a-639f-4d0c-8c9c-a0520537f596,CHI,LOU: MONDAY PM,Christmas,12/26/2022,12/27/2022,"Thursday, 12/22 - 02:00 PM","Saturday, 12/24 - 11:00 AM","Saturday, 12/24 - 05:00 PM"
177fc982-b57d-4c51-8973-dc02137686e1,PNW,SPK: THURSDAY PM,Christmas,12/29/2022,12/30/2022,"Monday, 12/26 - 01:00 PM","Tuesday, 12/27 - 03:00 PM","Tuesday, 12/27 - 09:00 PM"
30a2d623-b434-4ba5-a7b1-38d7ecd61c6d,LA,SLC: WEDNESDAY PM,Christmas,12/28/2022,12/29/2022,"Friday, 12/23 - 02:00 PM","Monday, 12/26 - 11:00 AM","Monday, 12/26 - 02:00 PM"
8e964621-68f5-4257-b5ad-73093a102e88,BWI,CLE: THURSDAY PM,Christmas,12/28/2022,12/29/2022,"Monday, 12/26 - 01:00 PM","Tuesday, 12/27 - 03:00 PM","Tuesday, 12/27 - 09:00 PM"
e1a5d2d4-35e3-410d-8edc-63b26bacef68,CHI,STL: Employee Warehouse Pick Up,Christmas,12/27/2022,12/28/2022,"Friday, 12/23 - 03:00 PM","Monday, 12/26 - 12:00 PM","Monday, 12/26 - 06:00 PM"
ce06da9c-d997-4f7c-944a-c4c82d79d9d5,SAT,OKC: Employee Warehouse Pick Up,Christmas,12/26/2022,12/27/2022,"Thursday, 12/22 - 03:00 PM","Sunday, 12/25 - 12:00 PM","Sunday, 12/25 - 06:00 PM"
3df49baa-7d51-4f13-a67c-e1066ee6d317,CHI,SWM: WEDNESDAY PM,Christmas,12/27/2022,12/28/2022,"Friday, 12/23 - 02:00 PM","Monday, 12/26 - 11:00 AM","Monday, 12/26 - 05:00 PM"
a7021277-2170-479d-8bce-4732d95b0baa,PNW,SPK: WEDNESDAY PM,Christmas,12/28/2022,12/29/2022,"Friday, 12/23 - 03:00 PM","Monday, 12/26 - 12:00 PM","Monday, 12/26 - 06:00 PM"
b06d9f71-c062-4c54-a5ef-6773ea946dea,LA,PHX: MONDAY PM,Christmas,12/26/2022,12/27/2022,"Thursday, 12/22 - 02:00 PM","Saturday, 12/24 - 11:00 AM","Saturday, 12/24 - 03:00 PM"
02f2d6e1-9611-4018-bee7-00ad3d8ac3b0,BWI,HAR: THURSDAY PM,Christmas,12/28/2022,12/29/2022,"Monday, 12/26 - 01:00 PM","Tuesday, 12/27 - 03:00 PM","Tuesday, 12/27 - 09:00 PM"
535abada-4473-4ade-b58f-b4acb41b16ca,CHI,KCI: FRIDAY PM,Christmas,12/29/2022,12/30/2022,"Monday, 12/26 - 01:00 PM","Wednesday, 12/28 - 12:00 PM","Wednesday, 12/28 - 06:00 PM"
350f1bed-0e33-46ee-a9d6-589708ed957d,BWI,BOS: Employee Warehouse Pick Up,Christmas,12/27/2022,12/28/2022,"Thursday, 12/22 - 03:00 PM","Sunday, 12/25 - 12:00 PM","Sunday, 12/25 - 06:00 PM"
4bba98c9-3a7c-4748-a7e8-3ad0f5fd115e,LA,MCE: THURSDAY PM,Christmas,12/28/2022,12/29/2022,"Friday, 12/23 - 03:00 PM","Tuesday, 12/27 - 12:00 PM","Tuesday, 12/27 - 03:00 PM"
420076fe-2e4a-4837-a15c-d016dea89247,PNW,EUG: THURSDAY PM,Christmas,12/29/2022,12/30/2022,"Monday, 12/26 - 01:00 PM","Tuesday, 12/27 - 03:00 PM","Tuesday, 12/27 - 09:00 PM"
22c48600-df8d-41e9-80be-8c811d3822b0,SAT,AUS: Employee Warehouse Pick Up,Christmas,12/26/2022,12/27/2022,"Thursday, 12/22 - 03:00 PM","Sunday, 12/25 - 12:00 PM","Sunday, 12/25 - 06:00 PM"
f5bec5e3-007e-49c1-b344-6a882c562635,LA,RNO: MONDAY / TUESDAY PM LAX,Christmas,12/26/2022,12/27/2022,"Thursday, 12/22 - 03:00 PM","Saturday, 12/24 - 12:00 PM","Sunday, 12/25 - 03:00 PM"
668efe94-aa68-4f1f-a24f-225ea062236e,CHI,DSM: TUESDAY PM,Christmas,12/26/2022,12/27/2022,"Thursday, 12/22 - 03:00 PM","Sunday, 12/25 - 12:00 PM","Sunday, 12/25 - 06:00 PM"
de82d8aa-9ea4-40e1-87b2-4a20a65c82ac,BWI,RDU: TUESDAY PM,Christmas,12/26/2022,12/27/2022,"Thursday, 12/22 - 03:00 PM","Sunday, 12/25 - 12:00 PM","Sunday, 12/25 - 06:00 PM"
99fba36c-3a79-46ef-a0d2-70fe3469a9ad,LA,SFO: WEDNESDAY PM LAX,Christmas,12/27/2022,12/28/2022,"Friday, 12/23 - 03:00 PM","Monday, 12/26 - 12:00 PM","Monday, 12/26 - 03:00 PM"
8f759379-f86d-4e9d-8df6-7077e4271bbb,BWI,RDU: WEDNESDAY PM,Christmas,12/27/2022,12/28/2022,"Friday, 12/23 - 03:00 PM","Monday, 12/26 - 12:00 PM","Monday, 12/26 - 06:00 PM"
a3791319-b79b-432f-b4a8-98b62f7d0fa0,LA,RNO: THURSDAY PM LAX,Christmas,12/28/2022,12/29/2022,"Friday, 12/23 - 03:00 PM","Tuesday, 12/27 - 12:00 PM","Tuesday, 12/27 - 03:00 PM"
9c963f6a-ffcc-4516-a020-abee13ac1494,LA,SFO: THURSDAY PM LAX,Christmas,12/28/2022,12/29/2022,"Friday, 12/23 - 03:00 PM","Tuesday, 12/27 - 12:00 PM","Tuesday, 12/27 - 03:00 PM"
d171e996-31c6-46bb-ad40-2150cdf6e686,BWI,RDU: THURSDAY PM,Christmas,12/28/2022,12/29/2022,"Monday, 12/26 - 01:00 PM","Tuesday, 12/27 - 03:00 PM","Tuesday, 12/27 - 09:00 PM"
af6b3edf-dcdf-448a-a9ff-b4b0510cf802,LA,SFO: FRIDAY PM LAX,Christmas,12/29/2022,12/30/2022,"Saturday, 12/24 - 03:00 PM","Wednesday, 12/28 - 12:00 PM","Wednesday, 12/28 - 03:00 PM"
c70e6102-a0a3-469b-9906-81c22e73fda1,BWI,RDU: FRIDAY PM,Christmas,12/29/2022,12/30/2022,"Monday, 12/26 - 01:00 PM","Wednesday, 12/28 - 12:00 PM","Wednesday, 12/28 - 06:00 PM"
5ca2e696-9e77-41d4-a862-5a6e984ddec9,LA,SAC: Employee Warehouse Pick Up LAX,Christmas,12/29/2022,12/30/2022,"Saturday, 12/24 - 03:00 PM","Wednesday, 12/28 - 12:00 PM","Wednesday, 12/28 - 03:00 PM"
e67c1cef-fa90-4733-94eb-270b3b8b003f,LA,NBY: MONDAY / TUESDAY PM LAX,Christmas,12/26/2022,12/27/2022,"Thursday, 12/22 - 03:00 PM","Saturday, 12/24 - 12:00 PM","Sunday, 12/25 - 03:00 PM"
ad0d72fc-dcd7-4eee-b106-24fcf9f675f7,LA,NBY: WEDNESDAY PM LAX,Christmas,12/27/2022,12/28/2022,"Friday, 12/23 - 03:00 PM","Monday, 12/26 - 12:00 PM","Monday, 12/26 - 03:00 PM"
fcb647e2-0190-40f0-b93e-e2a7999ea239,BWI,RIC: TUESDAY PM,Christmas,12/26/2022,12/27/2022,"Thursday, 12/22 - 03:00 PM","Sunday, 12/25 - 12:00 PM","Sunday, 12/25 - 06:00 PM"
8872d8f0-e2ea-4815-84c4-9e8058e33820,LA,NBY: THURSDAY PM LAX,Christmas,12/28/2022,12/29/2022,"Friday, 12/23 - 03:00 PM","Tuesday, 12/27 - 12:00 PM","Tuesday, 12/27 - 03:00 PM"
b2f19c2f-512d-4983-a6e3-59e3d778ee61,BWI,RIC: WEDNESDAY PM,Christmas,12/27/2022,12/28/2022,"Friday, 12/23 - 03:00 PM","Monday, 12/26 - 12:00 PM","Monday, 12/26 - 06:00 PM"
6ad2186e-4ba7-4389-9c75-c88d3f7d972f,BWI,RIC: Employee Warehouse Pick Up,Christmas,12/28/2022,12/29/2022,"Monday, 12/26 - 01:00 PM","Tuesday, 12/27 - 03:00 PM","Tuesday, 12/27 - 09:00 PM"
189f4e1e-e98c-4022-a403-043005ae2d5c,LA,EBY: Employee Warehouse Pick Up LAX,Christmas,12/29/2022,12/30/2022,"Saturday, 12/24 - 03:00 PM","Wednesday, 12/28 - 12:00 PM","Wednesday, 12/28 - 03:00 PM"
b95feee5-3d3b-415c-8048-f4922f255c70,BWI,RIC: FRIDAY PM,Christmas,12/29/2022,12/30/2022,"Monday, 12/26 - 01:00 PM","Wednesday, 12/28 - 12:00 PM","Wednesday, 12/28 - 06:00 PM"
10f8e2fe-d622-4ab6-b2b1-12eeffa4dc78,BWI,PIT: TUESDAY PM,Christmas,12/26/2022,12/27/2022,"Thursday, 12/22 - 03:00 PM","Sunday, 12/25 - 12:00 PM","Sunday, 12/25 - 06:00 PM"
c2b44bf3-e3ec-4faf-a448-33d3a6b09406,BWI,PIT: WEDNESDAY PM,Christmas,12/27/2022,12/28/2022,"Friday, 12/23 - 03:00 PM","Monday, 12/26 - 12:00 PM","Monday, 12/26 - 06:00 PM"
b7e997cf-b7ca-4b0e-abca-e4731e809cd9,SAT,CRP: THURSDAY PM,Christmas,12/28/2022,12/29/2022,"Monday, 12/26 - 01:00 PM","Tuesday, 12/27 - 03:00 PM","Tuesday, 12/27 - 09:00 PM"
80b6b56c-2097-4a4e-a66e-8b5160bb48a0,CHI,BNA: TUESDAY PM,Christmas,12/27/2022,12/28/2022,"Thursday, 12/22 - 03:00 PM","Sunday, 12/25 - 12:00 PM","Sunday, 12/25 - 06:00 PM"
2a53a587-da2c-45fe-8a1c-099db6441313,CHI,BNA: MONDAY PM,Christmas,12/26/2022,12/27/2022,"Thursday, 12/22 - 03:00 PM","Saturday, 12/24 - 12:00 PM","Saturday, 12/24 - 06:00 PM"
4f334ffb-16b4-43e4-8aa9-2c1cf70c06e9,CHI,BNA: WEDNESDAY PM,Christmas,12/28/2022,12/29/2022,"Friday, 12/23 - 03:00 PM","Monday, 12/26 - 12:00 PM","Monday, 12/26 - 06:00 PM"
8dc398a2-531e-485f-ad23-4f94224d73a1,CHI,BNA: THURSDAY PM,Christmas,12/29/2022,12/30/2022,"Monday, 12/26 - 01:00 PM","Tuesday, 12/27 - 03:00 PM","Tuesday, 12/27 - 09:00 PM"
fe9940d0-2c44-4267-8fea-56f1b143f7a5,LA,SFO: Employee Warehouse Pick Up LAX,Christmas,12/28/2022,12/29/2022,"Friday, 12/23 - 03:00 PM","Tuesday, 12/27 - 12:00 PM","Tuesday, 12/27 - 03:00 PM"
46782f0f-ba55-4089-9d08-3a2dedc73dc6,PNW,OLM: WEDNESDAY PM,Christmas,12/28/2022,12/29/2022,"Friday, 12/23 - 03:00 PM","Monday, 12/26 - 12:00 PM","Monday, 12/26 - 06:00 PM"
8ad3a55f-db6e-40cc-84d6-bed31c630594,PNW,OLM: MONDAY PM,Christmas,12/26/2022,12/27/2022,"Thursday, 12/22 - 03:00 PM","Saturday, 12/24 - 12:00 PM","Saturday, 12/24 - 06:00 PM"
e684a0b9-4b0f-44e7-847d-d03123046962,PNW,BLI: MONDAY PM,Christmas,12/26/2022,12/27/2022,"Thursday, 12/22 - 03:00 PM","Saturday, 12/24 - 12:00 PM","Saturday, 12/24 - 06:00 PM"
72477012-0d39-43d3-af19-b7acf92e115f,PNW,OLM: TUESDAY PM,Christmas,12/27/2022,12/28/2022,"Thursday, 12/22 - 03:00 PM","Sunday, 12/25 - 12:00 PM","Sunday, 12/25 - 06:00 PM"
8b9ac3b7-b798-4117-b5d0-470b5c3640b1,PNW,OLM: THURSDAY PM,Christmas,12/29/2022,12/30/2022,"Monday, 12/26 - 01:00 PM","Tuesday, 12/27 - 03:00 PM","Tuesday, 12/27 - 09:00 PM"
8ff09422-4188-463a-802c-0f7afdff707e,CHI,CHI: MONDAY / TUESDAY PM,New Years,1/2/2023,1/3/2023,"Thursday, 12/29 - 03:00 PM","Saturday, 12/31 - 12:00 PM","Sunday, 01/01 - 06:00 PM"
c0e3d0ef-fedb-4cec-81cb-54d44f1f25c5,LA,LAX: MONDAY PM,New Years,1/2/2023,1/3/2023,"Thursday, 12/29 - 03:00 PM","Saturday, 12/31 - 12:00 PM","Saturday, 12/31 - 03:00 PM"
809168bd-e140-40d7-a68a-d987dfed93b8,PNW,PDX: MONDAY PM,New Years,1/2/2023,1/3/2023,"Thursday, 12/29 - 03:00 PM","Saturday, 12/31 - 12:00 PM","Saturday, 12/31 - 06:00 PM"
d1173b22-06ae-49ab-b45c-1bfed0332a3f,PNW,SEA: WEDNESDAY PM,New Years,1/4/2023,1/5/2023,"Friday, 12/30 - 03:00 PM","Monday, 01/02 - 12:00 PM","Monday, 01/02 - 06:00 PM"
84e03d9b-7b67-4a8b-910d-72c7e1da6097,PNW,PDX: WEDNESDAY PM,New Years,1/4/2023,1/5/2023,"Friday, 12/30 - 03:00 PM","Monday, 01/02 - 12:00 PM","Monday, 01/02 - 06:00 PM"
54ba1cc5-5f65-4c1e-b021-2dac65ff3c7f,PNW,PDX: TUESDAY PM,New Years,1/3/2023,1/4/2023,"Thursday, 12/29 - 03:00 PM","Sunday, 01/01 - 12:00 PM","Sunday, 01/01 - 06:00 PM"
0b58b1f2-b858-4607-bcad-83d7cf13fd91,PNW,PDX: THURSDAY PM,New Years,1/5/2023,1/6/2023,"Monday, 01/02 - 01:00 PM","Tuesday, 01/03 - 03:00 PM","Tuesday, 01/03 - 09:00 PM"
b013d3d2-16ff-450f-bd7d-cae53fe77f79,PNW,SEA: THURSDAY PM,New Years,1/5/2023,1/6/2023,"Monday, 01/02 - 01:00 PM","Tuesday, 01/03 - 03:00 PM","Tuesday, 01/03 - 09:00 PM"
5bde7ccc-173a-44a0-b290-88dbf142d077,PNW,PDX: Employee Warehouse Pick Up,New Years,1/2/2023,1/3/2023,"Thursday, 12/29 - 03:00 PM","Saturday, 12/31 - 12:00 PM","Saturday, 12/31 - 06:00 PM"
b65ce124-cdeb-4572-88b9-d71c4e39337c,CHI,CHI: Employee Warehouse Pick Up,New Years,1/3/2023,1/4/2023,"Friday, 12/30 - 03:00 PM","Monday, 01/02 - 12:00 PM","Monday, 01/02 - 06:00 PM"
2f3aaf90-12ae-48c3-899d-2fec9a6d9761,PNW,SEA: TUESDAY PM,New Years,1/3/2023,1/4/2023,"Thursday, 12/29 - 03:00 PM","Sunday, 01/01 - 12:00 PM","Sunday, 01/01 - 06:00 PM"
b49381d8-e88d-420f-bfc7-ce679e9ea835,LA,LAX: WEDNESDAY / THURSDAY PM,New Years,1/4/2023,1/5/2023,"Friday, 12/30 - 03:00 PM","Monday, 01/02 - 12:00 PM","Tuesday, 01/03 - 03:00 PM"
9268a6e2-5096-488f-bf0f-743ec70e93ec,LA,LAX: TUESDAY PM,New Years,1/3/2023,1/4/2023,"Thursday, 12/29 - 03:00 PM","Sunday, 01/01 - 12:00 PM","Sunday, 01/01 - 03:00 PM"
11c31e1d-9d8e-411d-a10b-cbd51bc941ec,LA,LAX: Employee Warehouse Pick Up,New Years,1/5/2023,1/6/2023,"Saturday, 12/31 - 03:00 PM","Wednesday, 01/04 - 12:00 PM","Wednesday, 01/04 - 03:00 PM"
b682c9c4-9d1c-4257-8271-1dc8b3d1d5ef,LA,LAX: FRIDAY PM,New Years,1/5/2023,1/6/2023,"Saturday, 12/31 - 03:00 PM","Wednesday, 01/04 - 12:00 PM","Wednesday, 01/04 - 03:00 PM"
b5f0d71a-d2df-4eca-822e-36bb6c068781,CHI,CHI: WEDNESDAY PM,New Years,1/3/2023,1/4/2023,"Friday, 12/30 - 03:00 PM","Monday, 01/02 - 12:00 PM","Monday, 01/02 - 06:00 PM"
8e9384e0-6134-4f48-a5b2-0b5c946c0dbe,CHI,MKE: WEDNESDAY PM,New Years,1/4/2023,1/5/2023,"Friday, 12/30 - 03:00 PM","Monday, 01/02 - 12:00 PM","Monday, 01/02 - 06:00 PM"
ad503420-eeaa-4ff6-a8c1-42ecf9705e80,CHI,MKE: THURSDAY PM,New Years,1/5/2023,1/6/2023,"Monday, 01/02 - 01:00 PM","Tuesday, 01/03 - 03:00 PM","Tuesday, 01/03 - 09:00 PM"
88431f27-bb91-4188-b82e-f2a8fe224502,CHI,MKE: TUESDAY PM,New Years,1/3/2023,1/4/2023,"Thursday, 12/29 - 03:00 PM","Sunday, 01/01 - 12:00 PM","Sunday, 01/01 - 06:00 PM"
5115c018-4299-4fa3-9f65-f75e34e2db55,CHI,MKE: MONDAY PM,New Years,1/2/2023,1/3/2023,"Thursday, 12/29 - 03:00 PM","Saturday, 12/31 - 12:00 PM","Saturday, 12/31 - 06:00 PM"
fdc49817-1d9f-42eb-bb03-a81f80a5b9e1,CHI,IND: THURSDAY PM,New Years,1/5/2023,1/6/2023,"Monday, 01/02 - 12:00 PM","Tuesday, 01/03 - 02:00 PM","Tuesday, 01/03 - 08:00 PM"
01f65d48-1c84-4f13-a6c2-e63d8661e68d,CHI,IND: WEDNESDAY PM,New Years,1/4/2023,1/5/2023,"Friday, 12/30 - 02:00 PM","Monday, 01/02 - 11:00 AM","Monday, 01/02 - 05:00 PM"
d3363dd4-375c-47fa-8403-0b3a52b6282d,CHI,IND: TUESDAY PM,New Years,1/3/2023,1/4/2023,"Thursday, 12/29 - 02:00 PM","Sunday, 01/01 - 11:00 AM","Sunday, 01/01 - 05:00 PM"
ed333e3c-d145-4c40-959e-32bf2bd9dac1,CHI,IND: MONDAY PM,New Years,1/2/2023,1/3/2023,"Thursday, 12/29 - 02:00 PM","Saturday, 12/31 - 11:00 AM","Saturday, 12/31 - 05:00 PM"
8c8a4efd-fc7a-4b67-bd4f-ad2304cfe391,CHI,CHI: FRIDAY PM,New Years,1/5/2023,1/6/2023,"Monday, 01/02 - 01:00 PM","Wednesday, 01/04 - 12:00 PM","Wednesday, 01/04 - 06:00 PM"
49d06ffa-c4cb-4047-a4cc-d022bfbfe4c6,CHI,CHI: THURSDAY PM,New Years,1/4/2023,1/5/2023,"Monday, 01/02 - 01:00 PM","Tuesday, 01/03 - 03:00 PM","Tuesday, 01/03 - 09:00 PM"
dabccbce-a78b-4303-92aa-cd15bd42f9f0,CHI,IND: Employee Warehouse Pick Up,New Years,1/3/2023,1/4/2023,"Friday, 12/30 - 02:00 PM","Monday, 01/02 - 11:00 AM","Monday, 01/02 - 05:00 PM"
7153b1ce-6ad2-42d7-aab6-f8fad70d294d,PNW,SEA: MONDAY PM,New Years,1/2/2023,1/3/2023,"Thursday, 12/29 - 03:00 PM","Saturday, 12/31 - 12:00 PM","Saturday, 12/31 - 06:00 PM"
cf94b1cd-3ddd-4fc6-afb5-12820d7ae44b,SAT,SAT: MONDAY / TUESDAY PM,New Years,1/2/2023,1/3/2023,"Thursday, 12/29 - 03:00 PM","Saturday, 12/31 - 12:00 PM","Sunday, 01/01 - 06:00 PM"
cc6eb110-5f69-4180-bad6-863ff8ec9c7d,SAT,SAT: FRIDAY PM,New Years,1/5/2023,1/6/2023,"Monday, 01/02 - 01:00 PM","Wednesday, 01/04 - 12:00 PM","Wednesday, 01/04 - 06:00 PM"
262a0da2-4591-4f3e-8bef-ba23af4c2a95,SAT,SAT: THURSDAY PM,New Years,1/4/2023,1/5/2023,"Monday, 01/02 - 01:00 PM","Tuesday, 01/03 - 03:00 PM","Tuesday, 01/03 - 09:00 PM"
903d8cce-eb9d-44cd-89fa-62d66f4e156b,SAT,SAT: WEDNESDAY PM,New Years,1/3/2023,1/4/2023,"Friday, 12/30 - 03:00 PM","Monday, 01/02 - 12:00 PM","Monday, 01/02 - 06:00 PM"
34b803d2-676e-4df3-ab7f-6c15302a5808,LA,SAN: FRIDAY PM,New Years,1/5/2023,1/6/2023,"Saturday, 12/31 - 03:00 PM","Wednesday, 01/04 - 12:00 PM","Wednesday, 01/04 - 03:00 PM"
e4c59fd0-f64c-42cb-8dfb-bed937651a25,LA,SAN: MONDAY / TUESDAY PM,New Years,1/2/2023,1/3/2023,"Thursday, 12/29 - 03:00 PM","Saturday, 12/31 - 12:00 PM","Sunday, 01/01 - 03:00 PM"
82c2bf2d-14fb-4685-8b51-17e4b51ae5ab,LA,SAN: WEDNESDAY PM,New Years,1/3/2023,1/4/2023,"Friday, 12/30 - 03:00 PM","Monday, 01/02 - 12:00 PM","Monday, 01/02 - 03:00 PM"
2b25a0f2-d0c8-469a-abcf-223e2506569a,LA,SAN: THURSDAY PM,New Years,1/4/2023,1/5/2023,"Friday, 12/30 - 03:00 PM","Tuesday, 01/03 - 12:00 PM","Tuesday, 01/03 - 03:00 PM"
4f7320ee-3263-43b2-b653-cb7c42dcff90,LA,DEN: TUESDAY PM,New Years,1/2/2023,1/4/2023,"Thursday, 12/29 - 02:00 PM","Saturday, 12/31 - 11:00 AM","Saturday, 12/31 - 02:00 PM"
be2e2a84-192a-474a-b4db-b33948c4e58b,SAT,AUS: TUESDAY PM,New Years,1/2/2023,1/3/2023,"Thursday, 12/29 - 03:00 PM","Sunday, 01/01 - 12:00 PM","Sunday, 01/01 - 06:00 PM"
e17e1d80-08c5-4eba-9360-89d7a8842c04,SAT,AUS: WEDNESDAY PM,New Years,1/3/2023,1/4/2023,"Friday, 12/30 - 03:00 PM","Monday, 01/02 - 12:00 PM","Monday, 01/02 - 06:00 PM"
2fd9d1c3-7af4-476c-88c7-8ac02c92365b,SAT,AUS: THURSDAY PM,New Years,1/4/2023,1/5/2023,"Monday, 01/02 - 01:00 PM","Tuesday, 01/03 - 03:00 PM","Tuesday, 01/03 - 09:00 PM"
927ce05f-042f-4cbd-ac2f-a4c1ca71a86c,SAT,AUS: FRIDAY PM,New Years,1/5/2023,1/6/2023,"Monday, 01/02 - 01:00 PM","Wednesday, 01/04 - 12:00 PM","Wednesday, 01/04 - 06:00 PM"
1f1112d1-15ab-4c07-a11f-503645e8ccf7,BWI,BWI: WEDNESDAY / THURSDAY PM,New Years,1/4/2023,1/5/2023,"Friday, 12/30 - 03:00 PM","Monday, 01/02 - 12:00 PM","Tuesday, 01/03 - 09:00 PM"
a62e6e07-f503-4d31-bb3c-685ba8697606,BWI,BWI: TUESDAY PM,New Years,1/3/2023,1/4/2023,"Thursday, 12/29 - 03:00 PM","Sunday, 01/01 - 12:00 PM","Sunday, 01/01 - 06:00 PM"
056da182-39ca-416b-9cde-e3471de2d846,BWI,BWI: FRIDAY PM,New Years,1/5/2023,1/6/2023,"Monday, 01/02 - 01:00 PM","Wednesday, 01/04 - 12:00 PM","Wednesday, 01/04 - 06:00 PM"
0b5a39d7-b625-41aa-8ee0-44a4d8722bc1,BWI,BWI: MONDAY PM,New Years,1/2/2023,1/3/2023,"Thursday, 12/29 - 03:00 PM","Saturday, 12/31 - 12:00 PM","Saturday, 12/31 - 06:00 PM"
a4adfe7f-4261-4458-9816-eeec75a9d983,CHI,NWI: FRIDAY PM,New Years,1/5/2023,1/6/2023,"Monday, 01/02 - 01:00 PM","Wednesday, 01/04 - 12:00 PM","Wednesday, 01/04 - 06:00 PM"
33f2d21d-9698-4c61-94a6-2b9850d794d9,CHI,NWI: WEDNESDAY PM,New Years,1/3/2023,1/4/2023,"Friday, 12/30 - 03:00 PM","Monday, 01/02 - 12:00 PM","Monday, 01/02 - 06:00 PM"
b66f763f-014f-46e5-a15e-eaa2fa8aa2a1,CHI,NWI: THURSDAY PM,New Years,1/4/2023,1/5/2023,"Monday, 01/02 - 01:00 PM","Tuesday, 01/03 - 03:00 PM","Tuesday, 01/03 - 09:00 PM"
36325eda-eac7-4a6f-aa98-2a7f109b768b,CHI,NWI: TUESDAY PM,New Years,1/2/2023,1/3/2023,"Thursday, 12/29 - 03:00 PM","Sunday, 01/01 - 12:00 PM","Sunday, 01/01 - 06:00 PM"
6be6d842-df3e-410b-900c-2ec32abb39f5,SAT,IAH: THURSDAY PM,New Years,1/4/2023,1/5/2023,"Monday, 01/02 - 01:00 PM","Tuesday, 01/03 - 03:00 PM","Tuesday, 01/03 - 09:00 PM"
6b9faba3-64b3-4859-9182-a680db86f760,SAT,IAH: WEDNESDAY PM,New Years,1/3/2023,1/4/2023,"Friday, 12/30 - 03:00 PM","Monday, 01/02 - 12:00 PM","Monday, 01/02 - 06:00 PM"
623fc947-e6c0-4135-a1f1-1a02c5ff2ac9,SAT,IAH: TUESDAY PM,New Years,1/2/2023,1/3/2023,"Thursday, 12/29 - 03:00 PM","Sunday, 01/01 - 12:00 PM","Sunday, 01/01 - 06:00 PM"
aea42b7b-e698-4d85-85ce-f86f18760e8f,SAT,IAH: FRIDAY PM,New Years,1/5/2023,1/6/2023,"Monday, 01/02 - 01:00 PM","Wednesday, 01/04 - 12:00 PM","Wednesday, 01/04 - 06:00 PM"
17f7bda3-440f-4639-81f9-626da52716ae,BWI,NVA: WEDNESDAY PM,New Years,1/3/2023,1/4/2023,"Friday, 12/30 - 03:00 PM","Monday, 01/02 - 12:00 PM","Monday, 01/02 - 06:00 PM"
50ae8cf4-d99a-461b-a90a-5b9c94bfdeb9,BWI,NVA: THURSDAY PM,New Years,1/4/2023,1/5/2023,"Monday, 01/02 - 01:00 PM","Tuesday, 01/03 - 03:00 PM","Tuesday, 01/03 - 09:00 PM"
c20a3e51-4a21-481a-9dc9-ef9336adfd8a,BWI,NVA: MONDAY / TUESDAY PM,New Years,1/2/2023,1/3/2023,"Thursday, 12/29 - 03:00 PM","Saturday, 12/31 - 12:00 PM","Sunday, 01/01 - 06:00 PM"
43c4aea6-15c9-422d-a0c9-339108026c19,BWI,NVA: FRIDAY PM,New Years,1/5/2023,1/6/2023,"Monday, 01/02 - 01:00 PM","Wednesday, 01/04 - 12:00 PM","Wednesday, 01/04 - 06:00 PM"
4ea186e1-661a-452c-857e-546ea4be8167,BWI,MOC: THURSDAY PM,New Years,1/4/2023,1/5/2023,"Monday, 01/02 - 01:00 PM","Tuesday, 01/03 - 03:00 PM","Tuesday, 01/03 - 09:00 PM"
8697f4cc-e888-4f28-89b3-087d6cbcda5f,BWI,MOC: TUESDAY / WEDNESDAY PM,New Years,1/3/2023,1/4/2023,"Thursday, 12/29 - 03:00 PM","Sunday, 01/01 - 12:00 PM","Monday, 01/02 - 06:00 PM"
e843f8d2-317d-44d0-98d3-fa2dd0af241b,BWI,MOC: FRIDAY PM,New Years,1/5/2023,1/6/2023,"Monday, 01/02 - 01:00 PM","Wednesday, 01/04 - 12:00 PM","Wednesday, 01/04 - 06:00 PM"
a43e5acc-2a91-4826-80a9-05cd666369da,BWI,MOC: MONDAY PM,New Years,1/2/2023,1/3/2023,"Thursday, 12/29 - 03:00 PM","Saturday, 12/31 - 12:00 PM","Saturday, 12/31 - 06:00 PM"
4d12a24b-569c-41a4-9447-80fd7156f7fe,LA,DEN: WEDNESDAY PM,New Years,1/3/2023,1/5/2023,"Thursday, 12/29 - 02:00 PM","Saturday, 12/31 - 11:00 AM","Saturday, 12/31 - 02:00 PM"
59593f1b-aaf8-475c-b411-71405108dcd2,LA,DEN: THURSDAY PM,New Years,1/4/2023,1/6/2023,"Friday, 12/30 - 02:00 PM","Monday, 01/02 - 11:00 AM","Monday, 01/02 - 02:00 PM"
be6e9e75-bf64-49ec-bce0-08b88052bfae,BWI,PHL: Employee Warehouse Pick Up: Wed 7:00AM - 9:00PM EDT,New Years,1/3/2023,1/4/2023,"Friday, 12/30 - 03:00 PM","Monday, 01/02 - 12:00 PM","Monday, 01/02 - 06:00 PM"
038d1d6e-476d-4e98-9d2c-d0f3a89b08df,BWI,BRX: Employee Warehouse Pick Up: Wed 7:00AM - 9:00PM EDT,New Years,1/3/2023,1/4/2023,"Friday, 12/30 - 03:00 PM","Monday, 01/02 - 12:00 PM","Monday, 01/02 - 06:00 PM"
a0dc1d3e-5948-4ad2-9131-71d29c6c3d17,BWI,LIM: MONDAY,New Years,1/2/2023,1/3/2023,"Thursday, 12/29 - 03:00 PM","Saturday, 12/31 - 12:00 PM","Saturday, 12/31 - 06:00 PM"
a3374a93-76af-4090-bef3-e2913ce881ff,LA,SAC: MONDAY / TUESDAY PM LAX,New Years,1/2/2023,1/3/2023,"Thursday, 12/29 - 03:00 PM","Saturday, 12/31 - 12:00 PM","Sunday, 01/01 - 03:00 PM"
1dc0d882-364b-4d3d-bd94-919398aba246,PNW,OLM: Employee Warehouse Pick-Up,New Years,1/5/2023,1/6/2023,"Monday, 01/02 - 01:00 PM","Tuesday, 01/03 - 03:00 PM","Tuesday, 01/03 - 09:00 PM"
70ae14e8-292a-4bc2-a1d8-37f5ddf04d72,LA,DEN: Employee Warehouse Pick Up,New Years,1/3/2023,1/4/2023,"Thursday, 12/29 - 02:00 PM","Saturday, 12/31 - 11:00 AM","Saturday, 12/31 - 05:00 PM"
c68ca8e0-3192-4f53-bfc9-cf45b01e7aaa,LA,EBY: MONDAY PM LAX,New Years,1/2/2023,1/3/2023,"Thursday, 12/29 - 03:00 PM","Saturday, 12/31 - 12:00 PM","Saturday, 12/31 - 03:00 PM"
23e7b9aa-4ce2-4a90-be71-68cc7385e234,SAT,DFW: THURSDAY PM,New Years,1/4/2023,1/5/2023,"Monday, 01/02 - 01:00 PM","Tuesday, 01/03 - 03:00 PM","Tuesday, 01/03 - 09:00 PM"
932cb4b2-323d-464f-ae04-00471667c68f,SAT,DFW: TUESDAY PM,New Years,1/2/2023,1/3/2023,"Thursday, 12/29 - 03:00 PM","Sunday, 01/01 - 12:00 PM","Sunday, 01/01 - 06:00 PM"
918772d8-0eff-46ef-be59-88c0946fb4fd,SAT,DFW: FRIDAY PM,New Years,1/5/2023,1/6/2023,"Monday, 01/02 - 01:00 PM","Wednesday, 01/04 - 12:00 PM","Wednesday, 01/04 - 06:00 PM"
970e26aa-4d95-4cc4-b93e-2762fa53122a,SAT,DFW: WEDNESDAY PM,New Years,1/3/2023,1/4/2023,"Friday, 12/30 - 03:00 PM","Monday, 01/02 - 12:00 PM","Monday, 01/02 - 06:00 PM"
1b572488-cdca-4732-ac30-2f54c49a042c,CHI,MSP: MONDAY PM,New Years,1/2/2023,1/3/2023,"Thursday, 12/29 - 03:00 PM","Saturday, 12/31 - 12:00 PM","Saturday, 12/31 - 06:00 PM"
a7bfed0c-0701-4b9f-b025-fc3f0a9674fe,CHI,MSP: WEDNESDAY PM,New Years,1/4/2023,1/5/2023,"Friday, 12/30 - 03:00 PM","Monday, 01/02 - 12:00 PM","Monday, 01/02 - 06:00 PM"
a47d4bde-606f-4303-bd44-acab2b1e2a04,CHI,MSP: THURSDAY PM,New Years,1/5/2023,1/6/2023,"Monday, 01/02 - 01:00 PM","Tuesday, 01/03 - 03:00 PM","Tuesday, 01/03 - 09:00 PM"
b367bf19-8f8a-4700-b0d6-dee55be0d386,CHI,MSP: TUESDAY PM,New Years,1/3/2023,1/4/2023,"Thursday, 12/29 - 03:00 PM","Sunday, 01/01 - 12:00 PM","Sunday, 01/01 - 06:00 PM"
333b4e39-c61d-4feb-ac54-1fae9d2483dc,CHI,DSM: THURSDAY PM,New Years,1/4/2023,1/5/2023,"Monday, 01/02 - 01:00 PM","Tuesday, 01/03 - 03:00 PM","Tuesday, 01/03 - 09:00 PM"
7874d168-e1e3-4cad-ab0a-325c376ddb3a,LA,SNA: WEDNESDAY PM,New Years,1/3/2023,1/4/2023,"Friday, 12/30 - 03:00 PM","Monday, 01/02 - 12:00 PM","Monday, 01/02 - 03:00 PM"
44d302e2-deb0-4fe1-a801-3c6d5fa94729,LA,SNA: MONDAY / TUESDAY PM,New Years,1/2/2023,1/3/2023,"Thursday, 12/29 - 03:00 PM","Saturday, 12/31 - 12:00 PM","Sunday, 01/01 - 03:00 PM"
ad83bd3e-ddae-4aa2-bf02-34245dd8dde2,LA,SNA: THURSDAY PM,New Years,1/4/2023,1/5/2023,"Friday, 12/30 - 03:00 PM","Tuesday, 01/03 - 12:00 PM","Tuesday, 01/03 - 03:00 PM"
08c80929-d550-4081-a934-583a6f1b55b0,LA,SNA: FRIDAY PM,New Years,1/5/2023,1/6/2023,"Saturday, 12/31 - 03:00 PM","Wednesday, 01/04 - 12:00 PM","Wednesday, 01/04 - 03:00 PM"
09beb073-e11e-49a0-9e8d-0b640317dad5,CHI,MSN: MONDAY PM,New Years,1/2/2023,1/3/2023,"Thursday, 12/29 - 03:00 PM","Saturday, 12/31 - 12:00 PM","Saturday, 12/31 - 06:00 PM"
8f790b0f-2bc4-44c0-981f-b8bd70a90c1a,CHI,MSN: TUESDAY PM,New Years,1/3/2023,1/4/2023,"Thursday, 12/29 - 03:00 PM","Sunday, 01/01 - 12:00 PM","Sunday, 01/01 - 06:00 PM"
3096692c-6773-46f1-a8e6-95530e2712b1,CHI,MSN: WEDNESDAY PM,New Years,1/4/2023,1/5/2023,"Friday, 12/30 - 03:00 PM","Monday, 01/02 - 12:00 PM","Monday, 01/02 - 06:00 PM"
61927e3c-7a56-4149-bb58-4d85c9c5b6b1,CHI,MSN: THURSDAY PM,New Years,1/5/2023,1/6/2023,"Monday, 01/02 - 01:00 PM","Tuesday, 01/03 - 03:00 PM","Tuesday, 01/03 - 09:00 PM"
383eb230-09b8-481e-b879-eff2e97d6ddf,CHI,DSM: WEDNESDAY PM,New Years,1/3/2023,1/4/2023,"Friday, 12/30 - 03:00 PM","Monday, 01/02 - 12:00 PM","Monday, 01/02 - 06:00 PM"
d152b910-575a-49f9-b42e-09dbdd47e46c,LA,TUS: MONDAY PM,New Years,1/2/2023,1/3/2023,"Thursday, 12/29 - 02:00 PM","Saturday, 12/31 - 11:00 AM","Saturday, 12/31 - 03:00 PM"
d55410dd-4dd5-4bc9-a561-9a1448ef3c1a,CHI,DSM: FRIDAY PM,New Years,1/5/2023,1/6/2023,"Monday, 01/02 - 01:00 PM","Wednesday, 01/04 - 12:00 PM","Wednesday, 01/04 - 06:00 PM"
9696167d-2294-45f5-8780-1a510a4c9271,LA,TUS: TUESDAY PM,New Years,1/3/2023,1/4/2023,"Thursday, 12/29 - 02:00 PM","Sunday, 01/01 - 11:00 AM","Sunday, 01/01 - 03:00 PM"
26356ac8-f9e8-436f-a846-12847e291168,CHI,BNA: Employee Warehouse Pick Up,New Years,1/3/2023,1/4/2023,"Friday, 12/30 - 03:00 PM","Monday, 01/02 - 12:00 PM","Monday, 01/02 - 06:00 PM"
6d3dc4e9-1a11-4e29-a918-3ccc4f8e5af1,BWI,LIM: TUESDAY,New Years,1/3/2023,1/4/2023,"Thursday, 12/29 - 03:00 PM","Sunday, 01/01 - 12:00 PM","Sunday, 01/01 - 06:00 PM"
040a0686-bad2-4827-82e1-ab76e3d244cb,LA,EBY: TUESDAY PM LAX,New Years,1/3/2023,1/4/2023,"Thursday, 12/29 - 03:00 PM","Sunday, 01/01 - 12:00 PM","Sunday, 01/01 - 03:00 PM"
9c73d854-ad41-4b67-bce8-7cbe26f668d1,LA,NBY: FRIDAY PM LAX,New Years,1/5/2023,1/6/2023,"Saturday, 12/31 - 03:00 PM","Wednesday, 01/04 - 12:00 PM","Wednesday, 01/04 - 03:00 PM"
8e3bce01-13ca-40ff-8037-191c0a9287b6,LA,TUS: WEDNESDAY PM,New Years,1/4/2023,1/5/2023,"Friday, 12/30 - 02:00 PM","Monday, 01/02 - 11:00 AM","Monday, 01/02 - 03:00 PM"
a8d10ff2-da55-4024-b8c8-ed7ca6312054,BWI,PHL: THURSDAY PM,New Years,1/4/2023,1/5/2023,"Monday, 01/02 - 01:00 PM","Tuesday, 01/03 - 03:00 PM","Tuesday, 01/03 - 09:00 PM"
46fda255-3740-48c6-b256-9888d388dc1f,BWI,PHL: TUESDAY PM,New Years,1/2/2023,1/3/2023,"Thursday, 12/29 - 03:00 PM","Sunday, 01/01 - 12:00 PM","Sunday, 01/01 - 06:00 PM"
1a09d9c3-d8c9-44ec-83fe-b5203c06f017,BWI,PHL: WEDNESDAY PM,New Years,1/3/2023,1/4/2023,"Friday, 12/30 - 03:00 PM","Monday, 01/02 - 12:00 PM","Monday, 01/02 - 06:00 PM"
1c451e98-f8fc-4869-8507-a4d83de17d67,BWI,PHL: MONDAY PM,New Years,1/1/2023,1/2/2023,"Thursday, 12/29 - 03:00 PM","Saturday, 12/31 - 12:00 PM","Saturday, 12/31 - 06:00 PM"
92c18fb7-6c28-4971-834e-613a1ab67bd5,BWI,PHL: FRIDAY PM,New Years,1/5/2023,1/6/2023,"Monday, 01/02 - 01:00 PM","Wednesday, 01/04 - 12:00 PM","Wednesday, 01/04 - 06:00 PM"
67a42175-d929-4290-a586-1885db0d7a09,LA,SBY: THURSDAY PM,New Years,1/4/2023,1/5/2023,"Friday, 12/30 - 03:00 PM","Tuesday, 01/03 - 12:00 PM","Tuesday, 01/03 - 03:00 PM"
33687397-e353-4ca2-9386-f7d04f223ffc,LA,SBY: TUESDAY / WEDNESDAY PM,New Years,1/3/2023,1/4/2023,"Thursday, 12/29 - 03:00 PM","Sunday, 01/01 - 12:00 PM","Monday, 01/02 - 03:00 PM"
e7439bbf-ff7b-4982-b43a-373d5e025877,LA,SBY: MONDAY PM,New Years,1/2/2023,1/3/2023,"Thursday, 12/29 - 03:00 PM","Saturday, 12/31 - 12:00 PM","Saturday, 12/31 - 03:00 PM"
8a58e18a-97b7-47ff-8731-2a886e1fd58f,LA,SBY: Employee Warehouse Pick Up,New Years,1/5/2023,1/6/2023,"Saturday, 12/31 - 03:00 PM","Wednesday, 01/04 - 12:00 PM","Wednesday, 01/04 - 03:00 PM"
beb5b501-26c0-4f45-a836-c1b5eb9a69c8,LA,SBY: FRIDAY PM,New Years,1/5/2023,1/6/2023,"Saturday, 12/31 - 03:00 PM","Wednesday, 01/04 - 12:00 PM","Wednesday, 01/04 - 03:00 PM"
3c560c07-1713-4c80-8866-2ffb74ad2487,BWI,EWR: MONDAY PM,New Years,1/2/2023,1/3/2023,"Thursday, 12/29 - 03:00 PM","Saturday, 12/31 - 12:00 PM","Saturday, 12/31 - 06:00 PM"
556535a1-e79e-4057-962a-bfb40e6b726c,BWI,EWR: TUESDAY PM,New Years,1/3/2023,1/4/2023,"Thursday, 12/29 - 03:00 PM","Sunday, 01/01 - 12:00 PM","Sunday, 01/01 - 06:00 PM"
37fd4319-9f53-48d2-b310-631aa57e1d5e,BWI,EWR: THURSDAY PM,New Years,1/5/2023,1/6/2023,"Monday, 01/02 - 01:00 PM","Tuesday, 01/03 - 03:00 PM","Tuesday, 01/03 - 09:00 PM"
b7f9cea9-5dba-4d3e-ab2f-14072106155e,BWI,EWR: WEDNESDAY PM,New Years,1/4/2023,1/5/2023,"Friday, 12/30 - 03:00 PM","Monday, 01/02 - 12:00 PM","Monday, 01/02 - 06:00 PM"
df848bfc-b257-494a-884c-3ef9ae57aa83,CHI,DTW: TUESDAY PM,New Years,1/2/2023,1/3/2023,"Thursday, 12/29 - 02:00 PM","Sunday, 01/01 - 11:00 AM","Sunday, 01/01 - 05:00 PM"
ccbbc746-17c8-489c-91e4-537cb18b5bd4,CHI,DTW: THURSDAY PM,New Years,1/4/2023,1/5/2023,"Monday, 01/02 - 12:00 PM","Tuesday, 01/03 - 02:00 PM","Tuesday, 01/03 - 08:00 PM"
f5a46292-383b-4c03-81fe-059d42a235a9,CHI,DTW: FRIDAY PM,New Years,1/5/2023,1/6/2023,"Monday, 01/02 - 12:00 PM","Wednesday, 01/04 - 11:00 AM","Wednesday, 01/04 - 05:00 PM"
033f0fd7-35a0-4a76-a252-b6e61542c029,CHI,DTW: WEDNESDAY PM,New Years,1/3/2023,1/4/2023,"Friday, 12/30 - 02:00 PM","Monday, 01/02 - 11:00 AM","Monday, 01/02 - 05:00 PM"
ddfdca1a-a717-4480-8566-a203958389c2,BWI,BOS: FRIDAY PM,New Years,1/5/2023,1/6/2023,"Monday, 01/02 - 01:00 PM","Wednesday, 01/04 - 12:00 PM","Wednesday, 01/04 - 06:00 PM"
354f6497-6a26-4e63-acdc-2fc148e8a2cf,BWI,BOS: TUESDAY PM,New Years,1/2/2023,1/3/2023,"Thursday, 12/29 - 03:00 PM","Sunday, 01/01 - 12:00 PM","Sunday, 01/01 - 06:00 PM"
7f177998-0e15-42f4-9c54-902968a6d9a9,BWI,BOS: THURSDAY PM,New Years,1/4/2023,1/5/2023,"Monday, 01/02 - 01:00 PM","Tuesday, 01/03 - 03:00 PM","Tuesday, 01/03 - 09:00 PM"
e4057652-7bf6-4b61-ad93-e629b3b732d9,BWI,BOS: WEDNESDAY PM,New Years,1/3/2023,1/4/2023,"Friday, 12/30 - 03:00 PM","Monday, 01/02 - 12:00 PM","Monday, 01/02 - 06:00 PM"
2f786aff-25c0-40d4-9fcb-8bfb1f06b018,LA,TUS: THURSDAY PM,New Years,1/5/2023,1/6/2023,"Friday, 12/30 - 02:00 PM","Tuesday, 01/03 - 11:00 AM","Tuesday, 01/03 - 03:00 PM"
39291ca9-0e7e-458c-bfde-36f900bb33dd,BWI,PIT: Employee Warehouse Pick Up: Tue 7:00AM - 9:00PM EDT,New Years,1/2/2023,1/3/2023,"Thursday, 12/29 - 03:00 PM","Sunday, 01/01 - 12:00 PM","Sunday, 01/01 - 06:00 PM"
0f6dfcda-fca3-4bf7-a6a7-3c37850f7916,LA,SAC: WEDNESDAY PM LAX,New Years,1/3/2023,1/4/2023,"Friday, 12/30 - 03:00 PM","Monday, 01/02 - 12:00 PM","Monday, 01/02 - 03:00 PM"
68ddecb0-f0f5-49f4-99a6-8e1d0a3cf575,LA,EBY: WEDNESDAY / THURSDAY PM LAX,New Years,1/4/2023,1/5/2023,"Friday, 12/30 - 03:00 PM","Monday, 01/02 - 12:00 PM","Tuesday, 01/03 - 03:00 PM"
728184f4-86bb-452c-9ac7-5c6a76726e3d,LA,SAC: THURSDAY PM LAX,New Years,1/4/2023,1/5/2023,"Friday, 12/30 - 03:00 PM","Tuesday, 01/03 - 12:00 PM","Tuesday, 01/03 - 03:00 PM"
b252c8e1-2692-4590-a43a-01c9533d6056,LA,RNO: WEDNESDAY PM LAX,New Years,1/3/2023,1/4/2023,"Friday, 12/30 - 03:00 PM","Monday, 01/02 - 12:00 PM","Monday, 01/02 - 03:00 PM"
f7cb92de-d15b-46be-a5ca-6bfa9b8316e1,LA,SFO: MONDAY / TUESDAY PM LAX,New Years,1/2/2023,1/3/2023,"Thursday, 12/29 - 03:00 PM","Saturday, 12/31 - 12:00 PM","Sunday, 01/01 - 03:00 PM"
3fa520ea-62a5-4d07-b246-d47002bd93db,LA,SAC: FRIDAY PM LAX,New Years,1/5/2023,1/6/2023,"Saturday, 12/31 - 03:00 PM","Wednesday, 01/04 - 12:00 PM","Wednesday, 01/04 - 03:00 PM"
9e6a5de8-d798-43b8-8d4d-f4879e65dd55,LA,EBY: FRIDAY PM LAX,New Years,1/5/2023,1/6/2023,"Saturday, 12/31 - 03:00 PM","Wednesday, 01/04 - 12:00 PM","Wednesday, 01/04 - 03:00 PM"
3961712f-a445-4f02-b158-06bfbc5377a4,CHI,KCI: Employee Warehouse Pick Up,New Years,1/3/2023,1/4/2023,"Friday, 12/30 - 03:00 PM","Monday, 01/02 - 12:00 PM","Monday, 01/02 - 06:00 PM"
9f7b249d-067e-4449-8603-d56ec71f687f,BWI,BWI: Employee Warehouse Pick Up,New Years,1/2/2023,1/3/2023,"Thursday, 12/29 - 03:00 PM","Saturday, 12/31 - 12:00 PM","Saturday, 12/31 - 06:00 PM"
c6036be2-2011-470b-b709-0ad609afc2b3,PNW,BOI: THURSDAY PM,New Years,1/4/2023,1/6/2023,"Friday, 12/30 - 02:00 PM","Monday, 01/02 - 11:00 AM","Monday, 01/02 - 05:00 PM"
61b4aeb5-730b-467e-97e3-7d3a0dc60ad0,PNW,BOI: MONDAY PM,New Years,1/2/2023,1/3/2023,"Thursday, 12/29 - 02:00 PM","Saturday, 12/31 - 11:00 AM","Saturday, 12/31 - 05:00 PM"
37b45486-b428-49fc-878c-d2f7c56487a6,CHI,DTW: Employee Warehouse Pick Up,New Years,1/3/2023,1/4/2023,"Friday, 12/30 - 02:00 PM","Monday, 01/02 - 11:00 AM","Monday, 01/02 - 05:00 PM"
b371e3ec-533f-4931-ae5c-ddb9e29ff53d,PNW,EUG: WEDNESDAY PM,New Years,1/4/2023,1/5/2023,"Friday, 12/30 - 03:00 PM","Monday, 01/02 - 12:00 PM","Monday, 01/02 - 06:00 PM"
bedae23d-81bc-4dd7-b07a-39a855ed4368,BWI,CLE: Employee Warehouse Pick Up,New Years,1/5/2023,1/6/2023,"Monday, 01/02 - 01:00 PM","Wednesday, 01/04 - 12:00 PM","Wednesday, 01/04 - 06:00 PM"
a6ba9f10-e4d3-4f8f-ad01-0a15616da8ce,SAT,SAT: Employee Warehouse Pick Up,New Years,1/2/2023,1/3/2023,"Thursday, 12/29 - 03:00 PM","Sunday, 01/01 - 12:00 PM","Sunday, 01/01 - 06:00 PM"
44e6b6be-b3fe-4872-a09a-5ff90ec69cf0,LA,LAS: Employee Warehouse Pick Up,New Years,1/5/2023,1/6/2023,"Friday, 12/30 - 03:00 PM","Tuesday, 01/03 - 12:00 PM","Tuesday, 01/03 - 03:00 PM"
6a30695d-c456-4dd0-995a-510eb97239c0,PNW,BLI: THURSDAY PM,New Years,1/5/2023,1/6/2023,"Monday, 01/02 - 01:00 PM","Tuesday, 01/03 - 03:00 PM","Tuesday, 01/03 - 09:00 PM"
54216262-2823-4ca6-a08f-35d48a076607,CHI,MKE: Employee Warehouse Pick Up,New Years,1/3/2023,1/4/2023,"Friday, 12/30 - 03:00 PM","Monday, 01/02 - 12:00 PM","Monday, 01/02 - 06:00 PM"
6adabf61-cb11-4fa7-991f-79f24e8866f2,LA,SBA: Employee Warehouse Pick Up,New Years,1/4/2023,1/5/2023,"Monday, 01/02 - 01:00 PM","Tuesday, 01/03 - 12:00 PM","Tuesday, 01/03 - 03:00 PM"
729203b9-02da-4862-acf1-a13787d48fb8,SAT,IAH: Employee Warehouse Pick Up,New Years,1/2/2023,1/3/2023,"Thursday, 12/29 - 03:00 PM","Sunday, 01/01 - 12:00 PM","Sunday, 01/01 - 06:00 PM"
2c9fdf4b-b11f-46aa-8881-15894b71f1fb,LA,LAS: TUESDAY PM,New Years,1/3/2023,1/4/2023,"Thursday, 12/29 - 03:00 PM","Sunday, 01/01 - 12:00 PM","Sunday, 01/01 - 03:00 PM"
a1668dfb-c0a2-47de-ab17-2c4445a01934,PNW,BLI: Employee Warehouse Pick Up,New Years,1/2/2023,1/3/2023,"Thursday, 12/29 - 03:00 PM","Saturday, 12/31 - 12:00 PM","Saturday, 12/31 - 06:00 PM"
cc738d76-6e5f-4ec0-89d2-76b0b293d583,SAT,OKC: FRIDAY PM,New Years,1/5/2023,1/6/2023,"Monday, 01/02 - 01:00 PM","Wednesday, 01/04 - 12:00 PM","Wednesday, 01/04 - 06:00 PM"
0e3eeed0-ad8d-49eb-ac2b-c9ad2fae76bf,PNW,BOI: Employee Warehouse Pickup,New Years,1/4/2023,1/6/2023,"Friday, 12/30 - 02:00 PM","Monday, 01/02 - 11:00 AM","Monday, 01/02 - 05:00 PM"
74436f9a-a259-4e9f-9271-46ae2efeee43,BWI,HAR: WEDNESDAY PM,New Years,1/3/2023,1/4/2023,"Friday, 12/30 - 03:00 PM","Monday, 01/02 - 12:00 PM","Monday, 01/02 - 06:00 PM"
868eb2e9-b571-446d-a064-1556485afed1,CHI,NWI: Employee Warehouse Pick Up,New Years,1/3/2023,1/4/2023,"Friday, 12/30 - 03:00 PM","Monday, 01/02 - 12:00 PM","Monday, 01/02 - 06:00 PM"
a2c61600-652a-47fe-a722-ec23f9748928,BWI,CLE: WEDNESDAY PM,New Years,1/3/2023,1/4/2023,"Friday, 12/30 - 03:00 PM","Monday, 01/02 - 12:00 PM","Monday, 01/02 - 06:00 PM"
a5a3ad27-fdbc-4bee-bdfe-a95e45470795,PNW,EUG: MONDAY PM,New Years,1/2/2023,1/3/2023,"Thursday, 12/29 - 03:00 PM","Saturday, 12/31 - 12:00 PM","Saturday, 12/31 - 06:00 PM"
7ba43a1c-8d68-4b2f-8791-f5778e6ace73,BWI,HAR: Employee Warehouse Pick Up,New Years,1/3/2023,1/4/2023,"Thursday, 12/29 - 03:00 PM","Sunday, 01/01 - 12:00 PM","Sunday, 01/01 - 06:00 PM"
410589e8-a96c-4d3f-a549-2e636e716eea,LA,LAS: THURSDAY PM,New Years,1/5/2023,1/6/2023,"Friday, 12/30 - 03:00 PM","Tuesday, 01/03 - 12:00 PM","Tuesday, 01/03 - 03:00 PM"
1fb25134-8032-4bbc-a780-cd0838fb85f5,BWI,PIT: THURSDAY PM,New Years,1/4/2023,1/5/2023,"Monday, 01/02 - 01:00 PM","Tuesday, 01/03 - 03:00 PM","Tuesday, 01/03 - 09:00 PM"
bded7ac9-3a69-4a5a-afac-b5095cc46f58,PNW,BLI: WEDNESDAY PM,New Years,1/4/2023,1/5/2023,"Friday, 12/30 - 03:00 PM","Monday, 01/02 - 12:00 PM","Monday, 01/02 - 06:00 PM"
9a9af910-85ac-4ba7-92ab-777f7f8a5b49,SAT,TPL: THURSDAY PM,New Years,1/4/2023,1/5/2023,"Monday, 01/02 - 01:00 PM","Tuesday, 01/03 - 03:00 PM","Tuesday, 01/03 - 09:00 PM"
ab642e62-e718-458e-a708-52d0a015c642,SAT,OKC: THURSDAY PM,New Years,1/4/2023,1/5/2023,"Monday, 01/02 - 01:00 PM","Tuesday, 01/03 - 03:00 PM","Tuesday, 01/03 - 09:00 PM"
99328fa5-c34b-449a-bf06-04946ca74ea3,PNW,BOI: TUESDAY PM,New Years,1/2/2023,1/4/2023,"Thursday, 12/29 - 02:00 PM","Saturday, 12/31 - 11:00 AM","Saturday, 12/31 - 05:00 PM"
30cf21d6-27b2-4076-9bbf-ceeae5cc00d3,CHI,MSP: Employee Warehouse Pick Up,New Years,1/3/2023,1/4/2023,"Friday, 12/30 - 03:00 PM","Monday, 01/02 - 12:00 PM","Monday, 01/02 - 06:00 PM"
01fd6dc3-a210-448c-8294-03f1d36cbab8,LA,SBA: THURSDAY / FRIDAY PM,New Years,1/5/2023,1/6/2023,"Friday, 12/30 - 03:00 PM","Tuesday, 01/03 - 12:00 PM","Wednesday, 01/04 - 03:00 PM"
00317d42-315f-4fc6-9804-3ff4c2994f4e,LA,MCE: WEDNESDAY PM,New Years,1/3/2023,1/4/2023,"Friday, 12/30 - 03:00 PM","Monday, 01/02 - 12:00 PM","Monday, 01/02 - 03:00 PM"
703332e4-b39c-424f-9680-b925514a0438,BWI,NVA: Employee Warehouse Pick Up,New Years,1/3/2023,1/4/2023,"Thursday, 12/29 - 03:00 PM","Sunday, 01/01 - 12:00 PM","Sunday, 01/01 - 06:00 PM"
82ba9e97-5546-4b2c-8eb9-e58388b8e141,BWI,RIC: THURSDAY PM,New Years,1/4/2023,1/5/2023,"Monday, 01/02 - 01:00 PM","Tuesday, 01/03 - 03:00 PM","Tuesday, 01/03 - 09:00 PM"
91a31ca6-a994-46bc-97f6-7c2c51fc292e,LA,LAS: WEDNESDAY PM,New Years,1/4/2023,1/5/2023,"Friday, 12/30 - 03:00 PM","Monday, 01/02 - 12:00 PM","Monday, 01/02 - 03:00 PM"
5320ed06-71b2-4215-95af-27b4e426a45e,PNW,BLI: TUESDAY PM,New Years,1/3/2023,1/4/2023,"Thursday, 12/29 - 03:00 PM","Sunday, 01/01 - 12:00 PM","Sunday, 01/01 - 06:00 PM"
293965d3-a3e7-4d8c-9273-9fb90f8a1388,SAT,OKC: TUESDAY PM,New Years,1/2/2023,1/3/2023,"Thursday, 12/29 - 03:00 PM","Sunday, 01/01 - 12:00 PM","Sunday, 01/01 - 06:00 PM"
dfa5eb33-19c1-430f-839f-07e6cde493c8,PNW,BOI: WEDNESDAY PM,New Years,1/4/2023,1/5/2023,"Friday, 12/30 - 02:00 PM","Monday, 01/02 - 11:00 AM","Monday, 01/02 - 05:00 PM"
59265382-ae96-432c-8316-42f36acee070,CHI,MSN: Employee Warehouse Pick Up,New Years,1/3/2023,1/4/2023,"Friday, 12/30 - 03:00 PM","Monday, 01/02 - 12:00 PM","Monday, 01/02 - 06:00 PM"
774cf24e-50e2-4f3c-9abe-b8b89e268b6d,CHI,KCI: THURSDAY PM,New Years,1/4/2023,1/5/2023,"Monday, 01/02 - 01:00 PM","Tuesday, 01/03 - 03:00 PM","Tuesday, 01/03 - 09:00 PM"
375d482d-6b27-490b-afc5-62237d6d34a0,SAT,DFW: Employee Warehouse Pick Up,New Years,1/2/2023,1/3/2023,"Thursday, 12/29 - 03:00 PM","Sunday, 01/01 - 12:00 PM","Sunday, 01/01 - 06:00 PM"
8715c6de-c48b-4c1d-86f8-bc76c615ac00,CHI,LOU: TUESDAY PM,New Years,1/3/2023,1/4/2023,"Thursday, 12/29 - 02:00 PM","Sunday, 01/01 - 11:00 AM","Sunday, 01/01 - 05:00 PM"
887cdd63-24f4-4d6a-8860-e246f958cefc,LA,LAS: MONDAY PM,New Years,1/2/2023,1/3/2023,"Thursday, 12/29 - 03:00 PM","Saturday, 12/31 - 12:00 PM","Saturday, 12/31 - 03:00 PM"
ba4de2fc-6956-47bf-9672-87646fc20ff2,BWI,PIT: FRIDAY PM,New Years,1/5/2023,1/6/2023,"Monday, 01/02 - 01:00 PM","Wednesday, 01/04 - 12:00 PM","Wednesday, 01/04 - 06:00 PM"
b940c337-cccc-48b1-928c-7ebd81743905,SAT,OKC: WEDNESDAY PM,New Years,1/3/2023,1/4/2023,"Friday, 12/30 - 03:00 PM","Monday, 01/02 - 12:00 PM","Monday, 01/02 - 06:00 PM"
851cf97c-a74b-4e49-9d2f-fc93bbfb0354,CHI,STL: TUESDAY PM,New Years,1/2/2023,1/3/2023,"Thursday, 12/29 - 03:00 PM","Sunday, 01/01 - 12:00 PM","Sunday, 01/01 - 06:00 PM"
95ec92dd-f2a1-4d0a-82b0-7303133a10c0,CHI,STL: WEDNESDAY PM,New Years,1/3/2023,1/4/2023,"Friday, 12/30 - 03:00 PM","Monday, 01/02 - 12:00 PM","Monday, 01/02 - 06:00 PM"
f81087c8-3aaf-4fb1-9b69-e53bf47328f8,LA,MCE: TUESDAY PM,New Years,1/2/2023,1/3/2023,"Thursday, 12/29 - 03:00 PM","Sunday, 01/01 - 12:00 PM","Sunday, 01/01 - 03:00 PM"
c9b4cebc-c17a-47d4-88a1-48f90bd8da26,BWI,CLE: FRIDAY PM,New Years,1/5/2023,1/6/2023,"Monday, 01/02 - 01:00 PM","Wednesday, 01/04 - 12:00 PM","Wednesday, 01/04 - 06:00 PM"
4710ac75-70f7-45c3-99f4-adf450179be0,PNW,EUG: TUESDAY PM,New Years,1/3/2023,1/4/2023,"Thursday, 12/29 - 03:00 PM","Sunday, 01/01 - 12:00 PM","Sunday, 01/01 - 06:00 PM"
7d7a2fc1-01db-4f07-b3ad-59e0d77cc10b,BWI,BRX: MONDAY PM,New Years,1/2/2023,1/3/2023,"Thursday, 12/29 - 03:00 PM","Saturday, 12/31 - 12:00 PM","Saturday, 12/31 - 06:00 PM"
adad5293-d6db-463d-8c24-f9cedb40f90a,CHI,SWM: THURSDAY PM,New Years,1/4/2023,1/5/2023,"Monday, 01/02 - 12:00 PM","Tuesday, 01/03 - 02:00 PM","Tuesday, 01/03 - 08:00 PM"
729c4f93-59c7-4c42-b1ab-9820b3bc93c1,SAT,BTR: WEDNESDAY PM,New Years,1/3/2023,1/4/2023,"Friday, 12/30 - 03:00 PM","Monday, 01/02 - 12:00 PM","Monday, 01/02 - 06:00 PM"
33c2c2f5-fc85-4f8f-86b0-a6eabf8519ad,CHI,DAY: MONDAY PM,New Years,1/2/2023,1/3/2023,"Thursday, 12/29 - 02:00 PM","Saturday, 12/31 - 11:00 AM","Saturday, 12/31 - 05:00 PM"
ebb20ef1-40b4-4f3a-b384-819bd5b5980d,BWI,LIM: WEDNESDAY,New Years,1/4/2023,1/5/2023,"Friday, 12/30 - 03:00 PM","Monday, 01/02 - 12:00 PM","Monday, 01/02 - 06:00 PM"
38d598e8-07ae-49fb-9c20-5eea146e6911,CHI,LOU: Employee Warehouse Pick Up,New Years,1/3/2023,1/4/2023,"Friday, 12/30 - 02:00 PM","Monday, 01/02 - 11:00 AM","Monday, 01/02 - 05:00 PM"
f966f90d-6e95-449a-8894-f3e64e574197,LA,PHX: THURSDAY PM,New Years,1/5/2023,1/6/2023,"Friday, 12/30 - 02:00 PM","Tuesday, 01/03 - 11:00 AM","Tuesday, 01/03 - 03:00 PM"
215c70a2-2715-470c-ad71-faf1e354baa8,PNW,BDN: WEDNESDAY PM,New Years,1/4/2023,1/5/2023,"Friday, 12/30 - 03:00 PM","Monday, 01/02 - 12:00 PM","Monday, 01/02 - 06:00 PM"
7455aca5-1825-424f-aa3c-bb2d4ade3971,LA,SLC: Employee Warehouse Pickup,New Years,1/5/2023,1/6/2023,"Friday, 12/30 - 02:00 PM","Tuesday, 01/03 - 11:00 AM","Tuesday, 01/03 - 02:00 PM"
c4ac5edc-32b9-4eed-b3a0-0468307fc769,BWI,HAR: TUESDAY PM,New Years,1/2/2023,1/3/2023,"Thursday, 12/29 - 03:00 PM","Sunday, 01/01 - 12:00 PM","Sunday, 01/01 - 06:00 PM"
47dbdb81-355b-4999-82fe-235fda34db39,CHI,STL: THURSDAY PM,New Years,1/4/2023,1/5/2023,"Monday, 01/02 - 01:00 PM","Tuesday, 01/03 - 03:00 PM","Tuesday, 01/03 - 09:00 PM"
32a39f50-8819-4c9b-b6cb-61860d85c9d0,CHI,KCI: TUESDAY PM,New Years,1/2/2023,1/3/2023,"Thursday, 12/29 - 03:00 PM","Sunday, 01/01 - 12:00 PM","Sunday, 01/01 - 06:00 PM"
53f17c88-b3b0-4ea4-ab12-3c51cceff55a,BWI,CLE: TUESDAY PM,New Years,1/2/2023,1/3/2023,"Thursday, 12/29 - 03:00 PM","Sunday, 01/01 - 12:00 PM","Sunday, 01/01 - 06:00 PM"
3b5e41cd-7e0e-4b67-8830-99eb650f9cd3,LA,SAN: Employee Warehouse Pick Up,New Years,1/4/2023,1/5/2023,"Friday, 12/30 - 03:00 PM","Tuesday, 01/03 - 12:00 PM","Tuesday, 01/03 - 03:00 PM"
caa66307-4cb6-48cc-8203-24916e389fc7,BWI,BRX: TUESDAY PM,New Years,1/3/2023,1/4/2023,"Thursday, 12/29 - 03:00 PM","Sunday, 01/01 - 12:00 PM","Sunday, 01/01 - 06:00 PM"
f5b8ea03-8dbf-4761-96c2-a25eb54e46fd,CHI,SWM: Employee Warehouse Pick Up,New Years,1/3/2023,1/4/2023,"Friday, 12/30 - 02:00 PM","Monday, 01/02 - 11:00 AM","Monday, 01/02 - 05:00 PM"
cdeeb92a-786e-48c5-a89f-446229448a18,SAT,BTR: FRIDAY PM,New Years,1/5/2023,1/6/2023,"Monday, 01/02 - 01:00 PM","Wednesday, 01/04 - 12:00 PM","Wednesday, 01/04 - 06:00 PM"
7341c66a-4c03-4a8a-8c69-5d4111e69599,CHI,DAY: Employee Warehouse Pick Up,New Years,1/3/2023,1/4/2023,"Friday, 12/30 - 02:00 PM","Monday, 01/02 - 11:00 AM","Monday, 01/02 - 05:00 PM"
513206b8-4b80-422a-8509-7809e539cdeb,BWI,LIM: THURSDAY,New Years,1/5/2023,1/6/2023,"Monday, 01/02 - 01:00 PM","Tuesday, 01/03 - 03:00 PM","Tuesday, 01/03 - 09:00 PM"
8a2553b1-63eb-436c-9c99-0e2fcca775b3,PNW,SPK: TUESDAY PM,New Years,1/3/2023,1/4/2023,"Thursday, 12/29 - 03:00 PM","Sunday, 01/01 - 12:00 PM","Sunday, 01/01 - 06:00 PM"
53c25d18-d6cb-4cbe-876e-a7a6977dbb79,LA,PHX: TUESDAY PM,New Years,1/3/2023,1/4/2023,"Thursday, 12/29 - 02:00 PM","Sunday, 01/01 - 11:00 AM","Sunday, 01/01 - 03:00 PM"
203636c8-ef2c-40e3-a0e5-edf13a4ee3d6,PNW,BDN: TUESDAY PM,New Years,1/3/2023,1/4/2023,"Thursday, 12/29 - 03:00 PM","Sunday, 01/01 - 12:00 PM","Sunday, 01/01 - 06:00 PM"
fba43e76-0c24-4b21-b29a-69cd5b211127,LA,SLC: TUESDAY PM,New Years,1/3/2023,1/4/2023,"Thursday, 12/29 - 02:00 PM","Sunday, 01/01 - 11:00 AM","Sunday, 01/01 - 02:00 PM"
3ba657c7-7ca3-4902-8b21-d69f8dce8f80,LA,SBA: WEDNESDAY PM,New Years,1/4/2023,1/5/2023,"Friday, 12/30 - 03:00 PM","Monday, 01/02 - 12:00 PM","Monday, 01/02 - 03:00 PM"
15522e8f-d228-4d80-aa04-99b844748db0,BWI,EWR: Employee Warehouse Pick Up,New Years,1/3/2023,1/4/2023,"Thursday, 12/29 - 03:00 PM","Saturday, 12/31 - 12:00 PM","Saturday, 12/31 - 06:00 PM"
43f7f1d2-3405-49d7-814f-1a4f851433c3,CHI,SWM: TUESDAY PM,New Years,1/2/2023,1/3/2023,"Thursday, 12/29 - 02:00 PM","Sunday, 01/01 - 11:00 AM","Sunday, 01/01 - 05:00 PM"
0274b8e2-6ae4-41c1-a2f1-92aa8fbbb1d1,SAT,BTR: TUESDAY PM,New Years,1/2/2023,1/3/2023,"Thursday, 12/29 - 03:00 PM","Sunday, 01/01 - 12:00 PM","Sunday, 01/01 - 06:00 PM"
1175aef7-e7cd-4899-8a60-56f18c72b08a,CHI,DAY: WEDNESDAY PM,New Years,1/4/2023,1/5/2023,"Friday, 12/30 - 02:00 PM","Monday, 01/02 - 11:00 AM","Monday, 01/02 - 05:00 PM"
7fd2d5a7-7882-489f-a153-0c2f57e8fcfd,CHI,LOU: THURSDAY PM,New Years,1/5/2023,1/6/2023,"Monday, 01/02 - 12:00 PM","Tuesday, 01/03 - 02:00 PM","Tuesday, 01/03 - 08:00 PM"
7a1d9ceb-2b8f-447f-91a8-a9c4ccaea5a0,PNW,SPK: MONDAY PM,New Years,1/2/2023,1/3/2023,"Thursday, 12/29 - 03:00 PM","Saturday, 12/31 - 12:00 PM","Saturday, 12/31 - 06:00 PM"
51659bfb-a6c1-43c4-a30f-533899fcbc29,LA,PHX: WEDNESDAY PM,New Years,1/4/2023,1/5/2023,"Friday, 12/30 - 02:00 PM","Monday, 01/02 - 11:00 AM","Monday, 01/02 - 03:00 PM"
5a91624a-61ea-48c8-8fe0-61a9cdd95113,PNW,BDN: MONDAY PM,New Years,1/2/2023,1/3/2023,"Thursday, 12/29 - 03:00 PM","Saturday, 12/31 - 12:00 PM","Saturday, 12/31 - 06:00 PM"
ac30b44a-acf9-4f6f-934f-9700a6d12a77,LA,SLC: MONDAY PM,New Years,1/2/2023,1/3/2023,"Thursday, 12/29 - 02:00 PM","Saturday, 12/31 - 11:00 AM","Saturday, 12/31 - 02:00 PM"
42e4e2d6-15cd-4cad-a0f8-60ac37925297,CHI,STL: FRIDAY PM,New Years,1/5/2023,1/6/2023,"Monday, 01/02 - 01:00 PM","Wednesday, 01/04 - 12:00 PM","Wednesday, 01/04 - 06:00 PM"
b0459d03-6961-4235-86c3-13b9e9449d00,SAT,ATM: FRIDAY PM,New Years,1/5/2023,1/6/2023,"Monday, 01/02 - 01:00 PM","Wednesday, 01/04 - 12:00 PM","Wednesday, 01/04 - 06:00 PM"
f7496d9e-2681-4f43-a830-a3246e667352,BWI,BRX: THURSDAY PM,New Years,1/5/2023,1/6/2023,"Monday, 01/02 - 01:00 PM","Tuesday, 01/03 - 03:00 PM","Tuesday, 01/03 - 09:00 PM"
eb87e579-a380-4744-ba9c-2e35d2423569,CHI,SWM: FRIDAY PM,New Years,1/5/2023,1/6/2023,"Monday, 01/02 - 12:00 PM","Wednesday, 01/04 - 11:00 AM","Wednesday, 01/04 - 05:00 PM"
771cb403-4fb0-4d19-b287-d71b8cb32037,SAT,BTR: Employee Warehouse Pick Up,New Years,1/2/2023,1/3/2023,"Thursday, 12/29 - 03:00 PM","Sunday, 01/01 - 12:00 PM","Sunday, 01/01 - 06:00 PM"
c099ac81-c1ec-4260-bc15-b4f2a1776507,CHI,DAY: THURSDAY PM,New Years,1/5/2023,1/6/2023,"Monday, 01/02 - 12:00 PM","Tuesday, 01/03 - 02:00 PM","Tuesday, 01/03 - 08:00 PM"
e192972b-91bd-4e1e-9e6e-8a2763d1f349,CHI,LOU: WEDNESDAY PM,New Years,1/4/2023,1/5/2023,"Friday, 12/30 - 02:00 PM","Monday, 01/02 - 11:00 AM","Monday, 01/02 - 05:00 PM"
ebf2b9af-6d56-4989-8ff7-cb03ef0a90d9,PNW,SPK: Employee Warehouse Pick Up,New Years,1/3/2023,1/4/2023,"Thursday, 12/29 - 03:00 PM","Sunday, 01/01 - 12:00 PM","Sunday, 01/01 - 06:00 PM"
f79383bd-f80a-4322-8214-2a1c76284d0e,LA,PHX: Employee Warehouse Pickup,New Years,1/5/2023,1/6/2023,"Friday, 12/30 - 02:00 PM","Tuesday, 01/03 - 11:00 AM","Tuesday, 01/03 - 03:00 PM"
6045937b-2b87-4d21-9711-374a8b599736,PNW,BDN: THURSDAY PM,New Years,1/5/2023,1/6/2023,"Monday, 01/02 - 01:00 PM","Tuesday, 01/03 - 03:00 PM","Tuesday, 01/03 - 09:00 PM"
9f0bd76d-cbc4-4a61-8421-e1709e94b3f1,LA,SLC: THURSDAY PM,New Years,1/5/2023,1/6/2023,"Friday, 12/30 - 02:00 PM","Tuesday, 01/03 - 11:00 AM","Tuesday, 01/03 - 02:00 PM"
34e11f8d-ae17-4458-b519-bdbcbbb08ff5,LA,SBA: MONDAY PM,New Years,1/2/2023,1/3/2023,"Thursday, 12/29 - 03:00 PM","Saturday, 12/31 - 12:00 PM","Saturday, 12/31 - 03:00 PM"
01f5093a-f3bc-46ca-90a9-526c63601d8e,LA,MCE: FRIDAY PM,New Years,1/5/2023,1/6/2023,"Saturday, 12/31 - 03:00 PM","Wednesday, 01/04 - 12:00 PM","Wednesday, 01/04 - 03:00 PM"
734facf9-67ad-4f86-b0ba-b576967b248d,CHI,KCI: WEDNESDAY PM,New Years,1/3/2023,1/4/2023,"Friday, 12/30 - 03:00 PM","Monday, 01/02 - 12:00 PM","Monday, 01/02 - 06:00 PM"
354d7dca-bb36-4b64-bee6-e54163af72c5,PNW,SEA: Employee Warehouse Pick Up,New Years,1/2/2023,1/3/2023,"Thursday, 12/29 - 03:00 PM","Saturday, 12/31 - 12:00 PM","Saturday, 12/31 - 06:00 PM"
2d52ca73-91a7-4957-82d5-b4bab17d099b,BWI,HAR: FRIDAY PM,New Years,1/5/2023,1/6/2023,"Monday, 01/02 - 01:00 PM","Wednesday, 01/04 - 12:00 PM","Wednesday, 01/04 - 06:00 PM"
427038ad-54ab-4128-9bba-79daf0b31aa1,LA,SBA: TUESDAY PM,New Years,1/3/2023,1/4/2023,"Thursday, 12/29 - 03:00 PM","Sunday, 01/01 - 12:00 PM","Sunday, 01/01 - 03:00 PM"
56c677e8-d742-4e11-9319-2217422467c2,BWI,MOC: Employee Warehouse Pick Up,New Years,1/3/2023,1/4/2023,"Monday, 01/02 - 01:00 PM","Wednesday, 01/04 - 12:00 PM","Wednesday, 01/04 - 06:00 PM"
7ba06165-7dcd-4abf-a85d-54ed293ff34f,BWI,BRX: WEDNESDAY PM,New Years,1/4/2023,1/5/2023,"Friday, 12/30 - 03:00 PM","Monday, 01/02 - 12:00 PM","Monday, 01/02 - 06:00 PM"
bd19e048-5550-4103-a11d-5c3526c61b9c,SAT,BTR: THURSDAY PM,New Years,1/4/2023,1/5/2023,"Monday, 01/02 - 01:00 PM","Tuesday, 01/03 - 03:00 PM","Tuesday, 01/03 - 09:00 PM"
64eecab1-de5c-4cb7-8e5a-a83efc194b8a,CHI,DAY: TUESDAY PM,New Years,1/3/2023,1/4/2023,"Thursday, 12/29 - 02:00 PM","Sunday, 01/01 - 11:00 AM","Sunday, 01/01 - 05:00 PM"
d54a502a-639f-4d0c-8c9c-a0520537f596,CHI,LOU: MONDAY PM,New Years,1/2/2023,1/3/2023,"Thursday, 12/29 - 02:00 PM","Saturday, 12/31 - 11:00 AM","Saturday, 12/31 - 05:00 PM"
177fc982-b57d-4c51-8973-dc02137686e1,PNW,SPK: THURSDAY PM,New Years,1/5/2023,1/6/2023,"Monday, 01/02 - 01:00 PM","Tuesday, 01/03 - 03:00 PM","Tuesday, 01/03 - 09:00 PM"
30a2d623-b434-4ba5-a7b1-38d7ecd61c6d,LA,SLC: WEDNESDAY PM,New Years,1/4/2023,1/5/2023,"Friday, 12/30 - 02:00 PM","Monday, 01/02 - 11:00 AM","Monday, 01/02 - 02:00 PM"
8e964621-68f5-4257-b5ad-73093a102e88,BWI,CLE: THURSDAY PM,New Years,1/4/2023,1/5/2023,"Monday, 01/02 - 01:00 PM","Tuesday, 01/03 - 03:00 PM","Tuesday, 01/03 - 09:00 PM"
e1a5d2d4-35e3-410d-8edc-63b26bacef68,CHI,STL: Employee Warehouse Pick Up,New Years,1/3/2023,1/4/2023,"Friday, 12/30 - 03:00 PM","Monday, 01/02 - 12:00 PM","Monday, 01/02 - 06:00 PM"
ce06da9c-d997-4f7c-944a-c4c82d79d9d5,SAT,OKC: Employee Warehouse Pick Up,New Years,1/2/2023,1/3/2023,"Thursday, 12/29 - 03:00 PM","Sunday, 01/01 - 12:00 PM","Sunday, 01/01 - 06:00 PM"
3df49baa-7d51-4f13-a67c-e1066ee6d317,CHI,SWM: WEDNESDAY PM,New Years,1/3/2023,1/4/2023,"Friday, 12/30 - 02:00 PM","Monday, 01/02 - 11:00 AM","Monday, 01/02 - 05:00 PM"
a7021277-2170-479d-8bce-4732d95b0baa,PNW,SPK: WEDNESDAY PM,New Years,1/4/2023,1/5/2023,"Friday, 12/30 - 03:00 PM","Monday, 01/02 - 12:00 PM","Monday, 01/02 - 06:00 PM"
b06d9f71-c062-4c54-a5ef-6773ea946dea,LA,PHX: MONDAY PM,New Years,1/2/2023,1/3/2023,"Thursday, 12/29 - 02:00 PM","Saturday, 12/31 - 11:00 AM","Saturday, 12/31 - 03:00 PM"
02f2d6e1-9611-4018-bee7-00ad3d8ac3b0,BWI,HAR: THURSDAY PM,New Years,1/4/2023,1/5/2023,"Monday, 01/02 - 01:00 PM","Tuesday, 01/03 - 03:00 PM","Tuesday, 01/03 - 09:00 PM"
535abada-4473-4ade-b58f-b4acb41b16ca,CHI,KCI: FRIDAY PM,New Years,1/5/2023,1/6/2023,"Monday, 01/02 - 01:00 PM","Wednesday, 01/04 - 12:00 PM","Wednesday, 01/04 - 06:00 PM"
350f1bed-0e33-46ee-a9d6-589708ed957d,BWI,BOS: Employee Warehouse Pick Up,New Years,1/3/2023,1/4/2023,"Thursday, 12/29 - 03:00 PM","Sunday, 01/01 - 12:00 PM","Sunday, 01/01 - 06:00 PM"
4bba98c9-3a7c-4748-a7e8-3ad0f5fd115e,LA,MCE: THURSDAY PM,New Years,1/4/2023,1/5/2023,"Friday, 12/30 - 03:00 PM","Tuesday, 01/03 - 12:00 PM","Tuesday, 01/03 - 03:00 PM"
420076fe-2e4a-4837-a15c-d016dea89247,PNW,EUG: THURSDAY PM,New Years,1/5/2023,1/6/2023,"Monday, 01/02 - 01:00 PM","Tuesday, 01/03 - 03:00 PM","Tuesday, 01/03 - 09:00 PM"
22c48600-df8d-41e9-80be-8c811d3822b0,SAT,AUS: Employee Warehouse Pick Up,New Years,1/2/2023,1/3/2023,"Thursday, 12/29 - 03:00 PM","Sunday, 01/01 - 12:00 PM","Sunday, 01/01 - 06:00 PM"
f5bec5e3-007e-49c1-b344-6a882c562635,LA,RNO: MONDAY / TUESDAY PM LAX,New Years,1/2/2023,1/3/2023,"Thursday, 12/29 - 03:00 PM","Saturday, 12/31 - 12:00 PM","Sunday, 01/01 - 03:00 PM"
668efe94-aa68-4f1f-a24f-225ea062236e,CHI,DSM: TUESDAY PM,New Years,1/2/2023,1/3/2023,"Thursday, 12/29 - 03:00 PM","Sunday, 01/01 - 12:00 PM","Sunday, 01/01 - 06:00 PM"
de82d8aa-9ea4-40e1-87b2-4a20a65c82ac,BWI,RDU: TUESDAY PM,New Years,1/2/2023,1/3/2023,"Thursday, 12/29 - 03:00 PM","Sunday, 01/01 - 12:00 PM","Sunday, 01/01 - 06:00 PM"
99fba36c-3a79-46ef-a0d2-70fe3469a9ad,LA,SFO: WEDNESDAY PM LAX,New Years,1/3/2023,1/4/2023,"Friday, 12/30 - 03:00 PM","Monday, 01/02 - 12:00 PM","Monday, 01/02 - 03:00 PM"
8f759379-f86d-4e9d-8df6-7077e4271bbb,BWI,RDU: WEDNESDAY PM,New Years,1/3/2023,1/4/2023,"Friday, 12/30 - 03:00 PM","Monday, 01/02 - 12:00 PM","Monday, 01/02 - 06:00 PM"
a3791319-b79b-432f-b4a8-98b62f7d0fa0,LA,RNO: THURSDAY PM LAX,New Years,1/4/2023,1/5/2023,"Friday, 12/30 - 03:00 PM","Tuesday, 01/03 - 12:00 PM","Tuesday, 01/03 - 03:00 PM"
9c963f6a-ffcc-4516-a020-abee13ac1494,LA,SFO: THURSDAY PM LAX,New Years,1/4/2023,1/5/2023,"Friday, 12/30 - 03:00 PM","Tuesday, 01/03 - 12:00 PM","Tuesday, 01/03 - 03:00 PM"
d171e996-31c6-46bb-ad40-2150cdf6e686,BWI,RDU: THURSDAY PM,New Years,1/4/2023,1/5/2023,"Monday, 01/02 - 01:00 PM","Tuesday, 01/03 - 03:00 PM","Tuesday, 01/03 - 09:00 PM"
af6b3edf-dcdf-448a-a9ff-b4b0510cf802,LA,SFO: FRIDAY PM LAX,New Years,1/5/2023,1/6/2023,"Saturday, 12/31 - 03:00 PM","Wednesday, 01/04 - 12:00 PM","Wednesday, 01/04 - 03:00 PM"
c70e6102-a0a3-469b-9906-81c22e73fda1,BWI,RDU: FRIDAY PM,New Years,1/5/2023,1/6/2023,"Monday, 01/02 - 01:00 PM","Wednesday, 01/04 - 12:00 PM","Wednesday, 01/04 - 06:00 PM"
5ca2e696-9e77-41d4-a862-5a6e984ddec9,LA,SAC: Employee Warehouse Pick Up LAX,New Years,1/5/2023,1/6/2023,"Saturday, 12/31 - 03:00 PM","Wednesday, 01/04 - 12:00 PM","Wednesday, 01/04 - 03:00 PM"
e67c1cef-fa90-4733-94eb-270b3b8b003f,LA,NBY: MONDAY / TUESDAY PM LAX,New Years,1/2/2023,1/3/2023,"Thursday, 12/29 - 03:00 PM","Saturday, 12/31 - 12:00 PM","Sunday, 01/01 - 03:00 PM"
ad0d72fc-dcd7-4eee-b106-24fcf9f675f7,LA,NBY: WEDNESDAY PM LAX,New Years,1/3/2023,1/4/2023,"Friday, 12/30 - 03:00 PM","Monday, 01/02 - 12:00 PM","Monday, 01/02 - 03:00 PM"
fcb647e2-0190-40f0-b93e-e2a7999ea239,BWI,RIC: TUESDAY PM,New Years,1/2/2023,1/3/2023,"Thursday, 12/29 - 03:00 PM","Sunday, 01/01 - 12:00 PM","Sunday, 01/01 - 06:00 PM"
8872d8f0-e2ea-4815-84c4-9e8058e33820,LA,NBY: THURSDAY PM LAX,New Years,1/4/2023,1/5/2023,"Friday, 12/30 - 03:00 PM","Tuesday, 01/03 - 12:00 PM","Tuesday, 01/03 - 03:00 PM"
b2f19c2f-512d-4983-a6e3-59e3d778ee61,BWI,RIC: WEDNESDAY PM,New Years,1/3/2023,1/4/2023,"Friday, 12/30 - 03:00 PM","Monday, 01/02 - 12:00 PM","Monday, 01/02 - 06:00 PM"
6ad2186e-4ba7-4389-9c75-c88d3f7d972f,BWI,RIC: Employee Warehouse Pick Up,New Years,1/4/2023,1/5/2023,"Monday, 01/02 - 01:00 PM","Tuesday, 01/03 - 03:00 PM","Tuesday, 01/03 - 09:00 PM"
189f4e1e-e98c-4022-a403-043005ae2d5c,LA,EBY: Employee Warehouse Pick Up LAX,New Years,1/5/2023,1/6/2023,"Saturday, 12/31 - 03:00 PM","Wednesday, 01/04 - 12:00 PM","Wednesday, 01/04 - 03:00 PM"
b95feee5-3d3b-415c-8048-f4922f255c70,BWI,RIC: FRIDAY PM,New Years,1/5/2023,1/6/2023,"Monday, 01/02 - 01:00 PM","Wednesday, 01/04 - 12:00 PM","Wednesday, 01/04 - 06:00 PM"
10f8e2fe-d622-4ab6-b2b1-12eeffa4dc78,BWI,PIT: TUESDAY PM,New Years,1/2/2023,1/3/2023,"Thursday, 12/29 - 03:00 PM","Sunday, 01/01 - 12:00 PM","Sunday, 01/01 - 06:00 PM"
c2b44bf3-e3ec-4faf-a448-33d3a6b09406,BWI,PIT: WEDNESDAY PM,New Years,1/3/2023,1/4/2023,"Friday, 12/30 - 03:00 PM","Monday, 01/02 - 12:00 PM","Monday, 01/02 - 06:00 PM"
b7e997cf-b7ca-4b0e-abca-e4731e809cd9,SAT,CRP: THURSDAY PM,New Years,1/4/2023,1/5/2023,"Monday, 01/02 - 01:00 PM","Tuesday, 01/03 - 03:00 PM","Tuesday, 01/03 - 09:00 PM"
80b6b56c-2097-4a4e-a66e-8b5160bb48a0,CHI,BNA: TUESDAY PM,New Years,1/3/2023,1/4/2023,"Thursday, 12/29 - 03:00 PM","Sunday, 01/01 - 12:00 PM","Sunday, 01/01 - 06:00 PM"
2a53a587-da2c-45fe-8a1c-099db6441313,CHI,BNA: MONDAY PM,New Years,1/2/2023,1/3/2023,"Thursday, 12/29 - 03:00 PM","Saturday, 12/31 - 12:00 PM","Saturday, 12/31 - 06:00 PM"
4f334ffb-16b4-43e4-8aa9-2c1cf70c06e9,CHI,BNA: WEDNESDAY PM,New Years,1/4/2023,1/5/2023,"Friday, 12/30 - 03:00 PM","Monday, 01/02 - 12:00 PM","Monday, 01/02 - 06:00 PM"
8dc398a2-531e-485f-ad23-4f94224d73a1,CHI,BNA: THURSDAY PM,New Years,1/5/2023,1/6/2023,"Monday, 01/02 - 01:00 PM","Tuesday, 01/03 - 03:00 PM","Tuesday, 01/03 - 09:00 PM"
fe9940d0-2c44-4267-8fea-56f1b143f7a5,LA,SFO: Employee Warehouse Pick Up LAX,New Years,1/4/2023,1/5/2023,"Friday, 12/30 - 03:00 PM","Tuesday, 01/03 - 12:00 PM","Tuesday, 01/03 - 03:00 PM"
46782f0f-ba55-4089-9d08-3a2dedc73dc6,PNW,OLM: WEDNESDAY PM,New Years,1/4/2023,1/5/2023,"Friday, 12/30 - 03:00 PM","Monday, 01/02 - 12:00 PM","Monday, 01/02 - 06:00 PM"
8ad3a55f-db6e-40cc-84d6-bed31c630594,PNW,OLM: MONDAY PM,New Years,1/2/2023,1/3/2023,"Thursday, 12/29 - 03:00 PM","Saturday, 12/31 - 12:00 PM","Saturday, 12/31 - 06:00 PM"
e684a0b9-4b0f-44e7-847d-d03123046962,PNW,BLI: MONDAY PM,New Years,1/2/2023,1/3/2023,"Thursday, 12/29 - 03:00 PM","Saturday, 12/31 - 12:00 PM","Saturday, 12/31 - 06:00 PM"
72477012-0d39-43d3-af19-b7acf92e115f,PNW,OLM: TUESDAY PM,New Years,1/3/2023,1/4/2023,"Thursday, 12/29 - 03:00 PM","Sunday, 01/01 - 12:00 PM","Sunday, 01/01 - 06:00 PM"
8b9ac3b7-b798-4117-b5d0-470b5c3640b1,PNW,OLM: THURSDAY PM,New Years,1/5/2023,1/6/2023,"Monday, 01/02 - 01:00 PM","Tuesday, 01/03 - 03:00 PM","Tuesday, 01/03 - 09:00 PM"