windowExceptionId,originalWindowId,originalDeliveryDay,replacementDeliveryDay,originalDeliveryDate,replacementWindowId,replacementDeliveryDate,Christmas or New Years,reason,canDonate,donationPartnerIds
5ce77e7f-4e2e-4a9f-9e21-c42c9ca7940c,f828c6b4-f54d-4d82-a0f8-d59d2070e73b,1,2,12/26/2022,37a43538-1efd-44f5-b1cd-b812f286f220,12/27/2022,Christmas,"Special holiday schedule: Due to Christmas, your order will be delivered on Tuesday, 12/27 instead of Monday, 12/26",FALSE,[]
6ff5020f-0e61-418c-b05a-0d8f93626bf1,7a182ad1-d26b-4b87-b5c1-7b385bf30b9f,1,2,12/26/2022,1d58571c-8889-4ee1-937b-3fa1f58c3ee5,12/27/2022,Christmas,"Special holiday schedule: Due to Christmas, your order will be delivered on Tuesday, 12/27 instead of Monday, 12/26",FALSE,[]
8df6d3c4-b2dd-48d5-a55f-e642649155d1,5abe3c19-d5ca-4305-b723-94593cdeee93,1,2,12/26/2022,ecd13554-87e0-408a-bff5-0f64b47ffa65,12/27/2022,Christmas,"Special holiday schedule: Due to Christmas, your order will be delivered on Tuesday, 12/27 instead of Monday, 12/26",FALSE,[]
1cc1a9b2-c345-4d23-bc36-7de026cd936a,3ee9e21e-0910-4220-946d-be110b6c087e,1,2,12/26/2022,1073a8fb-7ace-4722-bfc9-fe0653bc248e,12/27/2022,Christmas,"Special holiday schedule: Due to Christmas, your order will be delivered on Tuesday, 12/27 instead of Monday, 12/26",FALSE,[]
577385f1-df46-4a1c-a08d-3849a7575d64,cc5b36cd-8fa8-407e-96f8-b1a534b002f5,1,2,12/26/2022,04322425-56ab-4f6f-9ecf-ecd878544a72,12/27/2022,Christmas,"Special holiday schedule: Due to Christmas, your order will be delivered on Tuesday, 12/27 instead of Monday, 12/26",FALSE,[]
ad4520a5-0e8d-4c83-ae60-1982d9d10b9a,256df303-a953-49e6-83ac-12dfe1fe7bbe,1,2,12/26/2022,96f383b5-258b-4ead-9ce8-db6960796c6c,12/27/2022,Christmas,"Special holiday schedule: Due to Christmas, your order will be delivered on Tuesday, 12/27 instead of Monday, 12/26",FALSE,[]
1c518921-6071-4bbb-b5dc-29ee61071957,b1c4ffc7-d1b7-480c-9ba2-51bb97516f89,1,2,12/26/2022,d3ab12e9-dfaa-4f40-933a-ead1bbe539d1,12/27/2022,Christmas,"Special holiday schedule: Due to Christmas, your order will be delivered on Tuesday, 12/27 instead of Monday, 12/26",FALSE,[]
4143b0af-caf9-4f14-b379-062e13646dff,dc1c70cb-a561-4581-b6a9-581557245af2,1,2,12/26/2022,28a76c34-0aae-4072-9add-58e4e965583e,12/27/2022,Christmas,"Special holiday schedule: Due to Christmas, your order will be delivered on Tuesday, 12/27 instead of Monday, 12/26",FALSE,[]
6cf3ff57-80b3-46d6-a0df-f6fbf4910297,963cbf0b-224d-488c-b4f7-efc200a65ca2,2,3,12/27/2022,25bc57f8-ac2c-4f7d-8b5f-63d6633fd4e1,12/28/2022,Christmas,"Special holiday schedule: Due to Christmas, your order will be delivered on Wednesday, 12/28 instead of Tuesday, 12/27",FALSE,[]
084c96e1-0122-460e-b34d-6c67fa0979a3,799414d7-6757-4448-8181-95c6df2e124a,2,3,12/27/2022,885987e7-fb08-4774-ae50-b6856ae90a1e,12/28/2022,Christmas,"Special holiday schedule: Due to Christmas, your order will be delivered on Wednesday, 12/28 instead of Tuesday, 12/27",FALSE,[]
53e0fd3b-8e40-492c-95f8-94d3de193e5d,7e8ef2f8-a268-4d58-8e67-6caeef904022,2,3,12/27/2022,b11fe79d-561c-48d1-bb94-5732dfe46cef,12/28/2022,Christmas,"Special holiday schedule: Due to Christmas, your order will be delivered on Wednesday, 12/28 instead of Tuesday, 12/27",FALSE,[]
85714480-47b1-4b61-bf33-9b0a43b0988a,b9a3bd70-2f24-4c71-b7a5-8fb878a567db,2,3,12/27/2022,ae49a57b-668b-47c4-8c5e-bc85ac28a00e,12/28/2022,Christmas,"Special holiday schedule: Due to Christmas, your order will be delivered on Wednesday, 12/28 instead of Tuesday, 12/27",FALSE,[]
e3fd4e33-ebb5-4261-8ffb-9210d774f5cc,430eb096-a043-4d63-a052-6d463b8f0e2a,2,3,12/27/2022,537cd30b-4c36-4f1c-9bc2-c5e8aecf2780,12/28/2022,Christmas,"Special holiday schedule: Due to Christmas, your order will be delivered on Wednesday, 12/28 instead of Tuesday, 12/27",FALSE,[]
9581e01a-1bcc-48e8-8d77-014399a6eb60,50038150-f7ac-43c3-bed4-a5316f11e46e,2,3,12/27/2022,4433c76f-826b-4ef2-acab-e523c13ffc14,12/28/2022,Christmas,"Special holiday schedule: Due to Christmas, your order will be delivered on Wednesday, 12/28 instead of Tuesday, 12/27",FALSE,[]
6851a8f4-5fd7-48f5-acd5-850b31ee72a2,38ffc46a-021b-4969-9219-a36c5fb0fbf0,2,3,12/27/2022,93c6c3ba-385b-4d8f-9b61-1d741493aabc,12/28/2022,Christmas,"Special holiday schedule: Due to Christmas, your order will be delivered on Wednesday, 12/28 instead of Tuesday, 12/27",FALSE,[]
9c08425f-10fd-4e36-9625-12444c3bf0d4,adf18922-7fd0-4ef5-b518-8fb38ee887ea,2,3,12/27/2022,b8f2e0af-e118-4a26-a13c-b89fca37a5c2,12/28/2022,Christmas,"Special holiday schedule: Due to Christmas, your order will be delivered on Wednesday, 12/28 instead of Tuesday, 12/27",FALSE,[]
6f1bb01f-77f1-4c7c-8a97-9f427e79505d,932b79f8-40e1-4523-8065-c22e0c5623fb,3,4,12/28/2022,869b57f6-e5a6-4380-988f-57292c8fd864,12/29/2022,Christmas,"Special holiday schedule: Due to Christmas, your order will be delivered on Thursday, 12/29 instead of Wednesday, 12/28",FALSE,[]
ce4ca849-184c-410b-bfa1-5693c3bc03f9,0d5296b2-2b7b-48ee-8960-905b793caba3,3,4,12/28/2022,90568bec-6cc0-4dad-8d75-c891b0f57922,12/29/2022,Christmas,"Special holiday schedule: Due to Christmas, your order will be delivered on Thursday, 12/29 instead of Wednesday, 12/28",FALSE,[]
e2c84941-2cb6-400d-be13-2d5867b5a4fc,d59452a6-e799-49a4-a622-84cfeaa3becb,3,4,12/28/2022,efa8c0d3-a2d0-45bd-8d07-f342649f22b9,12/29/2022,Christmas,"Special holiday schedule: Due to Christmas, your order will be delivered on Thursday, 12/29 instead of Wednesday, 12/28",FALSE,[]
f0de4aed-caa6-4d22-bf4f-5a76d1ebb638,3f136629-a933-40d9-ac32-d351b4a9e128,3,4,12/28/2022,4ff5f76e-8a60-49b4-84d4-97fc9a095b36,12/29/2022,Christmas,"Special holiday schedule: Due to Christmas, your order will be delivered on Thursday, 12/29 instead of Wednesday, 12/28",FALSE,[]
f12c030f-b7fb-47b2-9660-480d654b179c,74548c37-f085-43a5-b85d-f342533747bb,3,4,12/28/2022,985f5293-f196-46e4-9da1-f3a1023d47ba,12/29/2022,Christmas,"Special holiday schedule: Due to Christmas, your order will be delivered on Thursday, 12/29 instead of Wednesday, 12/28",FALSE,[]
09f6ef4c-12aa-49ca-b93a-ed49f6aacfea,96b2a2b2-d24e-4b3b-933e-f38851668a39,3,4,12/28/2022,c2640362-319e-465d-8df5-d183ffa47445,12/29/2022,Christmas,"Special holiday schedule: Due to Christmas, your order will be delivered on Thursday, 12/29 instead of Wednesday, 12/28",FALSE,[]
46e5d65c-85e9-4f93-ad83-bb6260307fc3,6c486673-70a3-4c86-93e4-f83266c102e1,3,4,12/28/2022,f914059d-742e-4b52-a54f-25ac5fbe3cea,12/29/2022,Christmas,"Special holiday schedule: Due to Christmas, your order will be delivered on Thursday, 12/29 instead of Wednesday, 12/28",FALSE,[]
54af8735-34a3-4df2-9e3c-bf102db63a03,6ea46e65-182f-4dcc-ab1c-c751c8293130,3,4,12/28/2022,b71b127c-e4cb-45f9-b182-f0dac3a1233f,12/29/2022,Christmas,"Special holiday schedule: Due to Christmas, your order will be delivered on Thursday, 12/29 instead of Wednesday, 12/28",FALSE,[]
1015ed8c-97ce-4b86-b343-c88706f278e4,33b8726b-29d5-4a36-b6b7-24cec4c16212,4,5,12/29/2022,8d009b02-853e-4406-a961-0c480ab38445,12/30/2022,Christmas,"Special holiday schedule: Due to Christmas, your order will be delivered on Friday, 12/30 instead of Thursday, 12/29",FALSE,[]
78481d96-732d-4bcb-b220-e107df188968,a5a1ea5a-b7e2-4055-a64b-86c3766b11fb,4,5,12/29/2022,21a05fcc-e680-4759-bdbb-3376c2fb2032,12/30/2022,Christmas,"Special holiday schedule: Due to Christmas, your order will be delivered on Friday, 12/30 instead of Thursday, 12/29",FALSE,[]
74d456fe-b797-4622-a443-e0e1b598b2b5,a1df03a8-b175-484e-a09a-ce9c3b17e012,4,5,12/29/2022,42bc4f92-7026-4f43-9372-0792af48a14b,12/30/2022,Christmas,"Special holiday schedule: Due to Christmas, your order will be delivered on Friday, 12/30 instead of Thursday, 12/29",FALSE,[]
b4e94225-65a7-4011-bdd8-5c576c7f26a5,a255969a-8336-4033-9fac-dcc6fdaa8f9d,4,5,12/29/2022,0949fceb-a3f6-49e6-b6b5-7ea84e9afe45,12/30/2022,Christmas,"Special holiday schedule: Due to Christmas, your order will be delivered on Friday, 12/30 instead of Thursday, 12/29",FALSE,[]
83081823-ba1a-4e62-9db9-d509c90d0c05,d4ba34e7-346a-4114-b359-2cddf0e32961,4,5,12/29/2022,72857215-ac8d-418e-9065-a38ea54f1064,12/30/2022,Christmas,"Special holiday schedule: Due to Christmas, your order will be delivered on Friday, 12/30 instead of Thursday, 12/29",FALSE,[]
b584cdb6-203c-4c06-a49c-4af057d7a822,cd564b4c-419c-4af1-8b39-32743663d14e,4,5,12/29/2022,8b66c60b-4dab-4a73-923d-262e2ac8b75a,12/30/2022,Christmas,"Special holiday schedule: Due to Christmas, your order will be delivered on Friday, 12/30 instead of Thursday, 12/29",FALSE,[]
d6ac84a9-f67f-40c3-a0a8-c901855dedcf,38ebca8e-6bc8-4d6a-abdc-0817cc79ac08,4,5,12/29/2022,033a30bd-8ab4-40d0-bef3-28d41e662b3c,12/30/2022,Christmas,"Special holiday schedule: Due to Christmas, your order will be delivered on Friday, 12/30 instead of Thursday, 12/29",FALSE,[]
97995ccd-6fd4-4cd3-a36d-72aa5c4c0d86,9764c226-d3fb-4ca6-9498-7788fd1e2071,4,5,12/29/2022,bc4511ae-4f42-4af3-9a37-880daf4a1552,12/30/2022,Christmas,"Special holiday schedule: Due to Christmas, your order will be delivered on Friday, 12/30 instead of Thursday, 12/29",FALSE,[]
ac656ba8-d4de-43f4-a0de-24a0541083e0,350a4688-0294-41ed-b824-68fb76d0fff8,1,2,12/26/2022,1ba78270-0a78-4a5e-a3f8-5bd2acd7e3e3,12/27/2022,Christmas,"Special holiday schedule: Due to Christmas, your order will be delivered on Tuesday, 12/27 instead of Monday, 12/26",FALSE,[]
563b29d7-6ae1-4d5d-b1e6-d9c0c487f8db,a66e8a6b-e1b6-46ec-9366-22083f19bc74,1,2,12/26/2022,e3020660-e073-46c7-bf05-10878e496f42,12/27/2022,Christmas,"Special holiday schedule: Due to Christmas, your order will be delivered on Tuesday, 12/27 instead of Monday, 12/26",FALSE,[]
5aec357d-5c0a-47bc-a0a6-dfde14263bbf,e12263ec-2b4a-432b-9783-c6cea373ee6c,1,2,12/26/2022,ad3b947f-0551-4891-b5fa-860503ffad80,12/27/2022,Christmas,"Special holiday schedule: Due to Christmas, your order will be delivered on Tuesday, 12/27 instead of Monday, 12/26",FALSE,[]
468cf90a-5141-4beb-bf66-67d40d9959d6,09fd7c48-84f6-469a-beeb-a730922efbbc,1,2,12/26/2022,0b597650-aa36-4b32-ba29-b22560ad4815,12/27/2022,Christmas,"Special holiday schedule: Due to Christmas, your order will be delivered on Tuesday, 12/27 instead of Monday, 12/26",FALSE,[]
79802653-180c-4082-9cbe-ccab08a07aff,71d3fc78-883f-4361-9961-f1055060ca6a,1,2,12/26/2022,c8e7b30f-94fb-46a3-8ae6-5b5d751530de,12/27/2022,Christmas,"Special holiday schedule: Due to Christmas, your order will be delivered on Tuesday, 12/27 instead of Monday, 12/26",FALSE,[]
c674ff96-7679-4765-9753-d5b21b8b394c,f8b7eb84-e552-4de9-8b7b-d8378b985183,1,2,12/26/2022,0528eb28-86f7-4679-a1ea-3b22baea5227,12/27/2022,Christmas,"Special holiday schedule: Due to Christmas, your order will be delivered on Tuesday, 12/27 instead of Monday, 12/26",FALSE,[]
dfea5794-9914-46f0-a09f-dc86e6df84f5,951d445c-ea63-4b87-b335-697f9204c606,2,3,12/27/2022,03409618-9ad6-4279-a9df-1e4ff6d474ab,12/28/2022,Christmas,"Special holiday schedule: Due to Christmas, your order will be delivered on Wednesday, 12/28 instead of Tuesday, 12/27",FALSE,[]
2e297042-712b-4eea-b7fb-f0d795d89a55,3426c2fb-c9dc-4609-b0ca-a056a601b562,2,3,12/27/2022,19d3e0d2-a0e1-41cd-8422-319ba3b4e7ed,12/28/2022,Christmas,"Special holiday schedule: Due to Christmas, your order will be delivered on Wednesday, 12/28 instead of Tuesday, 12/27",FALSE,[]
8a47fca0-f25d-4f76-9ef6-545c3a7a6e00,014af6b4-346e-4d70-88ad-fa4304df701c,2,3,12/27/2022,96880602-611a-4dfb-9743-7bbb8a3ef1e2,12/28/2022,Christmas,"Special holiday schedule: Due to Christmas, your order will be delivered on Wednesday, 12/28 instead of Tuesday, 12/27",FALSE,[]
3d8dface-6e37-4a5b-97ae-008bd81e829c,c7aeb972-c385-4445-af4a-7e9458d0b408,2,3,12/27/2022,311326dc-7b76-4e03-ab98-7f6b65610e65,12/28/2022,Christmas,"Special holiday schedule: Due to Christmas, your order will be delivered on Wednesday, 12/28 instead of Tuesday, 12/27",FALSE,[]
6abdd5ad-cc65-4765-810c-4fdc26fa48ad,5acdd23e-92e8-405b-91d8-d281c72796c5,2,3,12/27/2022,4182c9aa-9fda-400a-b2dd-0b15f281ac40,12/28/2022,Christmas,"Special holiday schedule: Due to Christmas, your order will be delivered on Wednesday, 12/28 instead of Tuesday, 12/27",FALSE,[]
8c854af9-f7e6-44bd-89ce-4c1d7e9ac7d1,baf11358-e9bb-443f-8b63-e8e108bc9665,3,4,12/28/2022,3a21dc61-a139-457e-9244-03ce7d140daa,12/29/2022,Christmas,"Special holiday schedule: Due to Christmas, your order will be delivered on Thursday, 12/29 instead of Wednesday, 12/28",FALSE,[]
2eb8360b-ea69-4eec-8be8-13cb5309f871,8d36da6c-95ad-422b-83fa-d67a35abfe02,3,4,12/28/2022,1fbcc72b-bfbe-4e7c-ab62-4889b08e278c,12/29/2022,Christmas,"Special holiday schedule: Due to Christmas, your order will be delivered on Thursday, 12/29 instead of Wednesday, 12/28",FALSE,[]
13ca23bd-fcee-4b38-bfc4-eda3ea924d49,89b4d9db-cb6c-48ff-8c5a-8220d2bcfe31,3,4,12/28/2022,1c067b68-e1e2-43a9-91f6-c244a9761653,12/29/2022,Christmas,"Special holiday schedule: Due to Christmas, your order will be delivered on Thursday, 12/29 instead of Wednesday, 12/28",FALSE,[]
9692286b-2f01-4860-9d49-4dc4d005c179,7ddd2473-3167-47ae-a492-100f87048405,3,4,12/28/2022,685ec0af-29a5-4d53-91ad-075ffa6ee800,12/29/2022,Christmas,"Special holiday schedule: Due to Christmas, your order will be delivered on Thursday, 12/29 instead of Wednesday, 12/28",FALSE,[]
64424a9f-6411-4c7a-be4a-6bad0e770b0c,7b64c42d-6cd0-47dd-bc6b-22098565ac4d,4,5,12/29/2022,4fcbf5b5-ec23-454e-a1b7-e09b900456da,12/30/2022,Christmas,"Special holiday schedule: Due to Christmas, your order will be delivered on Friday, 12/30 instead of Thursday, 12/29",FALSE,[]
9be04273-2b99-4b6c-a5ff-aedabbdab3d9,2c46e668-3337-4929-bd15-95d5769103c3,4,5,12/29/2022,436bd2b2-1a96-49e7-b82d-4f566274f718,12/30/2022,Christmas,"Special holiday schedule: Due to Christmas, your order will be delivered on Friday, 12/30 instead of Thursday, 12/29",FALSE,[]
1c90ed94-5eee-444b-862f-0b64abdbf1c9,b5975bc1-140f-4fd7-a8e0-70a352abe01d,4,5,12/29/2022,2fd44dfc-7c12-4592-bf83-2fca9ff52577,12/30/2022,Christmas,"Special holiday schedule: Due to Christmas, your order will be delivered on Friday, 12/30 instead of Thursday, 12/29",FALSE,[]
0165d336-3afc-4606-b651-dce029476f4b,863f927e-b0da-4a4c-b2df-43bd6327f392,1,2,12/26/2022,ed57c136-09af-4f1c-bda9-a9caca0ab112,12/27/2022,Christmas,"Special holiday schedule: Due to Christmas, your order will be delivered on Tuesday, 12/27 instead of Monday, 12/26",FALSE,[]
135775f7-0eee-46df-8ec9-2dfa7d291311,17cf2a65-253f-467b-9d5d-ee4764877f92,1,2,12/26/2022,7608f204-3d6a-414d-bd76-bfc809275d08,12/27/2022,Christmas,"Special holiday schedule: Due to Christmas, your order will be delivered on Tuesday, 12/27 instead of Monday, 12/26",FALSE,[]
b5f72b66-8ce3-46e8-8750-68cbc78e2173,0959b963-a82a-4e8f-a1f6-5217300e202d,1,2,12/26/2022,2c1a9f41-0b75-473d-835f-e47166b080d4,12/27/2022,Christmas,"Special holiday schedule: Due to Christmas, your order will be delivered on Tuesday, 12/27 instead of Monday, 12/26",FALSE,[]
8f219a0a-b034-44af-ba19-a91265f3662f,845818ba-b18f-44ed-8ae6-9e8a283e12f3,1,2,12/26/2022,072fac95-9d2f-4250-a35c-00c54321b671,12/27/2022,Christmas,"Special holiday schedule: Due to Christmas, your order will be delivered on Tuesday, 12/27 instead of Monday, 12/26",FALSE,[]
ccd39dca-6676-4661-8d49-0de47966975a,c2ad8cbf-4e3f-4e76-992d-eb9a303168eb,1,2,12/26/2022,77f3ef4d-c850-4349-ae68-7fee327f01b0,12/27/2022,Christmas,"Special holiday schedule: Due to Christmas, your order will be delivered on Tuesday, 12/27 instead of Monday, 12/26",FALSE,[]
b6f6f149-d6f5-4445-af48-6f380440e54c,ca4ad9a2-7364-4c95-9aa7-441e050d4f3d,1,2,12/26/2022,c299f309-bde6-4fdc-a9ff-d9e9c195865e,12/27/2022,Christmas,"Special holiday schedule: Due to Christmas, your order will be delivered on Tuesday, 12/27 instead of Monday, 12/26",FALSE,[]
dd5166d0-a060-47ba-8ed0-7fd440fd58c0,dbe934c6-5b94-4a60-8f05-9859f98fabf3,1,2,12/26/2022,e9bfc443-52ac-4e9b-830d-483a753922a4,12/27/2022,Christmas,"Special holiday schedule: Due to Christmas, your order will be delivered on Tuesday, 12/27 instead of Monday, 12/26",FALSE,[]
69344a12-972e-4700-88fa-7c73171ee5a5,b25d9d60-8f8a-4f11-bc6d-42ed8a3899d7,1,2,12/26/2022,8f79e8fd-5312-4b76-a64f-ab7b2dcaef7c,12/27/2022,Christmas,"Special holiday schedule: Due to Christmas, your order will be delivered on Tuesday, 12/27 instead of Monday, 12/26",FALSE,[]
4cfec008-4623-4bf3-8afe-989f827cb746,bd14eafa-0486-4a0c-aeac-2b4021c72c9d,2,3,12/27/2022,9cb31241-e87c-43f6-a0f5-2107131761fe,12/28/2022,Christmas,"Special holiday schedule: Due to Christmas, your order will be delivered on Wednesday, 12/28 instead of Tuesday, 12/27",FALSE,[]
96df7cc0-9a4d-401e-a373-85ddb849e9da,f4a60b0d-24bc-4e6a-931c-eb78f14e9941,2,3,12/27/2022,153750c5-e046-4373-ba9a-c39f5c5d3489,12/28/2022,Christmas,"Special holiday schedule: Due to Christmas, your order will be delivered on Wednesday, 12/28 instead of Tuesday, 12/27",FALSE,[]
3b790507-83c9-4e04-bccb-0ede09c01c12,b60137aa-c315-449b-9ab6-9b88233debcf,2,3,12/27/2022,78a2a782-69d1-4230-ac51-591286ce145d,12/28/2022,Christmas,"Special holiday schedule: Due to Christmas, your order will be delivered on Wednesday, 12/28 instead of Tuesday, 12/27",FALSE,[]
e794d9b6-f597-4855-85f4-9c1fb532fdb6,46e04224-a568-4c91-be74-83fccc75e80c,2,3,12/27/2022,754e914b-98c8-400f-993a-9c462534e858,12/28/2022,Christmas,"Special holiday schedule: Due to Christmas, your order will be delivered on Wednesday, 12/28 instead of Tuesday, 12/27",FALSE,[]
67127377-0e10-40e8-8523-f068452bd693,001dc390-909e-49b2-a12c-87850d476daa,2,3,12/27/2022,d301df10-b9ee-4ef5-8775-aa7ab133f40b,12/28/2022,Christmas,"Special holiday schedule: Due to Christmas, your order will be delivered on Wednesday, 12/28 instead of Tuesday, 12/27",FALSE,[]
be75ae01-cca1-4cda-b253-6b894ed7e7c5,0975482e-d7be-45a6-a35b-3df27ab57493,2,3,12/27/2022,d70772b6-374d-4d55-870a-88e065f83521,12/28/2022,Christmas,"Special holiday schedule: Due to Christmas, your order will be delivered on Wednesday, 12/28 instead of Tuesday, 12/27",FALSE,[]
1a9cca65-5906-486a-9739-448c5c0a38f1,075d9f7c-4483-40fd-9877-ec02152d5742,2,3,12/27/2022,79ed7474-322a-44bb-bbec-e115bea31a71,12/28/2022,Christmas,"Special holiday schedule: Due to Christmas, your order will be delivered on Wednesday, 12/28 instead of Tuesday, 12/27",FALSE,[]
0eede4a0-110f-4c56-ad91-38beb783e985,7a7e2a86-dc91-44b4-8d68-ada60f0f20f6,3,4,12/28/2022,4c1e38ec-163a-4418-9042-ab3f63e3d68d,12/29/2022,Christmas,"Special holiday schedule: Due to Christmas, your order will be delivered on Thursday, 12/29 instead of Wednesday, 12/28",FALSE,[]
16dd10d6-1069-48df-bcbe-bbd7027bfa31,0175cdaf-e972-44b6-ace8-cb591a2cdef8,3,4,12/28/2022,d55c8be5-cea1-45e0-b5ed-e39a1684f002,12/29/2022,Christmas,"Special holiday schedule: Due to Christmas, your order will be delivered on Thursday, 12/29 instead of Wednesday, 12/28",FALSE,[]
f96da8fc-ea4e-4feb-890a-98435f432cbf,fb76ba2c-bc7d-4e2d-a150-a28b036ef400,3,4,12/28/2022,7953309a-1713-4690-9a8d-eab7048f5f4a,12/29/2022,Christmas,"Special holiday schedule: Due to Christmas, your order will be delivered on Thursday, 12/29 instead of Wednesday, 12/28",FALSE,[]
6e4a4754-91d6-484c-b936-1d2d85fb568e,9d9023bf-90f7-4435-a6af-79764cafad53,3,4,12/28/2022,e7df2aeb-15f1-4c6f-acdb-72969ecff67f,12/29/2022,Christmas,"Special holiday schedule: Due to Christmas, your order will be delivered on Thursday, 12/29 instead of Wednesday, 12/28",FALSE,[]
62dba6ae-0896-4fe4-a424-45ef4665d7c2,9a348ab1-8d21-4ce7-83ac-7558adbd8329,3,4,12/28/2022,7b0c5994-228b-4755-990d-b756fd43efab,12/29/2022,Christmas,"Special holiday schedule: Due to Christmas, your order will be delivered on Thursday, 12/29 instead of Wednesday, 12/28",FALSE,[]
1d3c366d-ed71-4746-a0a8-2efb6d0e1fad,37e0afb9-bae8-4e80-95ef-0ba1c2cd9bce,3,4,12/28/2022,113d1dac-be9e-46f0-8847-c73b24865bac,12/29/2022,Christmas,"Special holiday schedule: Due to Christmas, your order will be delivered on Thursday, 12/29 instead of Wednesday, 12/28",FALSE,[]
bd83a39e-f70c-40c8-a1e2-f15fa4f94618,b4bfb6ac-2215-45c9-9556-8c9d04a11351,3,4,12/28/2022,787eedea-5b5b-4bac-9482-e7f96bac90d2,12/29/2022,Christmas,"Special holiday schedule: Due to Christmas, your order will be delivered on Thursday, 12/29 instead of Wednesday, 12/28",FALSE,[]
277def81-2f03-41d8-90f2-0e3cba107388,0a9067fe-e243-4c35-8f97-a213f26eb41e,4,5,12/29/2022,f56032dd-8b90-4ac6-8d95-37d16937dd3e,12/30/2022,Christmas,"Special holiday schedule: Due to Christmas, your order will be delivered on Friday, 12/30 instead of Thursday, 12/29",FALSE,[]
4fab0cf5-8361-492b-81d5-812182766835,89dcbf4e-db78-4013-bc29-2770bd33a1ec,4,5,12/29/2022,358a702b-d1d3-49fc-9ea9-55b4876b51ed,12/30/2022,Christmas,"Special holiday schedule: Due to Christmas, your order will be delivered on Friday, 12/30 instead of Thursday, 12/29",FALSE,[]
57828620-73f7-428d-9443-c7a49cad76e7,786f9695-d721-4332-8e95-b5bf7ee1e398,4,5,12/29/2022,05f830fe-7721-4123-94a1-bed8a9b93032,12/30/2022,Christmas,"Special holiday schedule: Due to Christmas, your order will be delivered on Friday, 12/30 instead of Thursday, 12/29",FALSE,[]
6e10c58f-7a12-4613-9924-1e1237ba762f,e5dbebd6-16bd-4239-aa66-2e1aa42c3c2c,4,5,12/29/2022,d78e39bc-8044-446c-94ac-b92c493dd5d8,12/30/2022,Christmas,"Special holiday schedule: Due to Christmas, your order will be delivered on Friday, 12/30 instead of Thursday, 12/29",FALSE,[]
0d0b70ee-4ddc-4de4-b28e-138a93b94b7f,60b68572-38de-41c5-a711-18cea725e83b,4,5,12/29/2022,17ce0134-d77d-41c7-9772-d437689e7ba8,12/30/2022,Christmas,"Special holiday schedule: Due to Christmas, your order will be delivered on Friday, 12/30 instead of Thursday, 12/29",FALSE,[]
86f2c3c3-129f-42f3-8987-616ec38db964,b0e6bf59-5ef9-43bb-897a-4d08f2144862,4,5,12/29/2022,44271826-b29f-42f8-83f0-855d48e9d809,12/30/2022,Christmas,"Special holiday schedule: Due to Christmas, your order will be delivered on Friday, 12/30 instead of Thursday, 12/29",FALSE,[]
d82ab694-af35-4c7c-82ed-c5de16386241,0540cb6f-b7a4-435a-8385-94e79fa11a1d,4,5,12/29/2022,b0568ef3-c0e0-4fb9-bf55-f8c9acab10e1,12/30/2022,Christmas,"Special holiday schedule: Due to Christmas, your order will be delivered on Friday, 12/30 instead of Thursday, 12/29",FALSE,[]
8645c72e-5d37-4f57-98d2-8ec329f55960,c9449c3d-f12f-472e-95bf-4efaead39a0e,1,2,12/26/2022,b01762a5-0c2e-49b5-bd3b-35ffc3a7b23c,12/27/2022,Christmas,"Special holiday schedule: Due to Christmas, your order will be delivered on Tuesday, 12/27 instead of Monday, 12/26",FALSE,[]
8fd11c4c-6216-45cd-95d5-e8b10ff88b0e,ed93b5a0-230a-44e8-85ca-33f254d69321,1,2,12/26/2022,56297eaa-5194-465e-9639-65de9a847645,12/27/2022,Christmas,"Special holiday schedule: Due to Christmas, your order will be delivered on Tuesday, 12/27 instead of Monday, 12/26",FALSE,[]
695005f5-4226-40aa-8936-f0100595a44d,04912364-e308-4c45-a364-32c19dfeaac9,1,2,12/26/2022,f41e538f-9a44-4b71-842e-140bf8058761,12/27/2022,Christmas,"Special holiday schedule: Due to Christmas, your order will be delivered on Tuesday, 12/27 instead of Monday, 12/26",FALSE,[]
2bd6ad51-f3b7-4301-98a4-5f6b093976ab,79b40776-6675-4f2e-9a64-566ef8f7bf97,1,2,12/26/2022,afffb086-2edc-487f-a5dc-72e24a5421dd,12/27/2022,Christmas,"Special holiday schedule: Due to Christmas, your order will be delivered on Tuesday, 12/27 instead of Monday, 12/26",FALSE,[]
f22864e9-5e7c-4b9c-b8ec-a4b7e398e4e1,db60a51f-ffab-400a-a6cc-d9a83899b505,1,2,12/26/2022,abcd3512-2343-40c5-a9e1-bc99b9248d37,12/27/2022,Christmas,"Special holiday schedule: Due to Christmas, your order will be delivered on Tuesday, 12/27 instead of Monday, 12/26",FALSE,[]
d62291e5-31af-472e-90b4-8e0572501c89,53496958-8691-40df-87a2-f81a7f35c4df,1,2,12/26/2022,99a509f0-f9c3-4ded-a0be-5ca10156a4a8,12/27/2022,Christmas,"Special holiday schedule: Due to Christmas, your order will be delivered on Tuesday, 12/27 instead of Monday, 12/26",FALSE,[]
2bc95fde-37d1-43cf-904f-e9cccc909fce,c1810aa2-50e6-4c9a-93d7-74a455464769,1,2,12/26/2022,f3cbd292-3050-43a4-be31-7ee06824f664,12/27/2022,Christmas,"Special holiday schedule: Due to Christmas, your order will be delivered on Tuesday, 12/27 instead of Monday, 12/26",FALSE,[]
3fa2bcd5-1241-488c-8b36-57f1ca5a85b5,a62f84a7-d27e-4a2f-95d0-35d474fa5860,1,2,12/26/2022,b8bd91fc-ae6c-4a0a-acdd-5d85d7e41dc1,12/27/2022,Christmas,"Special holiday schedule: Due to Christmas, your order will be delivered on Tuesday, 12/27 instead of Monday, 12/26",FALSE,[]
c61a7ef9-7b08-4fb5-be9e-807d5c1d14a7,7b3b57e1-0eaa-4957-927d-5827e121d81d,1,2,12/26/2022,cfc152dc-2726-4ce3-b17e-46c33a739d20,12/27/2022,Christmas,"Special holiday schedule: Due to Christmas, your order will be delivered on Tuesday, 12/27 instead of Monday, 12/26",FALSE,[]
e9512b12-b23d-4831-a77e-4afca3f94226,4ad11863-b276-4326-8a2b-cbb1bd583bb3,1,2,12/26/2022,92dd3d8c-518e-4951-88e8-2e4cca36f2f0,12/27/2022,Christmas,"Special holiday schedule: Due to Christmas, your order will be delivered on Tuesday, 12/27 instead of Monday, 12/26",FALSE,[]
feedcb46-f4d4-4f9d-9026-147dba2f900c,e05a3bbd-2e2f-426c-9d27-f3a724dc8596,1,2,12/26/2022,59339e34-6abf-4741-9ec2-fcc9f9b3b09f,12/27/2022,Christmas,"Special holiday schedule: Due to Christmas, your order will be delivered on Tuesday, 12/27 instead of Monday, 12/26",FALSE,[]
08b89606-4982-4d1e-bb55-d879fb1ae2d1,d2b4ffcc-73c0-4b95-a119-2f56c80821fa,1,2,12/26/2022,895a9496-63a9-4ac3-b215-8dd53501c0cb,12/27/2022,Christmas,"Special holiday schedule: Due to Christmas, your order will be delivered on Tuesday, 12/27 instead of Monday, 12/26",FALSE,[]
32db8a43-93ec-4c3c-805b-05bbbe17ff5e,d998d7cb-0232-4e05-8f45-0c43ecd3e020,1,2,12/26/2022,88485589-0ee3-4aef-8331-a40a6cfa024a,12/27/2022,Christmas,"Special holiday schedule: Due to Christmas, your order will be delivered on Tuesday, 12/27 instead of Monday, 12/26",FALSE,[]
a5ca67db-4c32-41b4-925d-ccad2cbf74b0,0f0d3e31-e6f2-4717-8ff9-982e9df242d4,1,2,12/26/2022,7edde621-ad5d-401e-9b12-5f81f1daa162,12/27/2022,Christmas,"Special holiday schedule: Due to Christmas, your order will be delivered on Tuesday, 12/27 instead of Monday, 12/26",FALSE,[]
c0f3768f-dc47-4604-ac45-7711381911a8,9a32d9ce-44a7-454d-96aa-1da6897adfcf,2,3,12/27/2022,a6fbefbb-bd13-471e-a774-864358a85809,12/28/2022,Christmas,"Special holiday schedule: Due to Christmas, your order will be delivered on Wednesday, 12/28 instead of Tuesday, 12/27",FALSE,[]
cd524f31-34db-477c-99f8-05dab9976bbf,de6cd28d-3674-4947-bd2c-ad553da80ff4,2,3,12/27/2022,0e7ab129-6414-467c-b1f5-0e714b636f08,12/28/2022,Christmas,"Special holiday schedule: Due to Christmas, your order will be delivered on Wednesday, 12/28 instead of Tuesday, 12/27",FALSE,[]
439d25e8-005b-4fc8-8fb4-f2636a6dad5d,82e37986-8179-4879-b3f6-db198594c0ed,2,3,12/27/2022,f7b12ec5-1f38-4111-89a7-c4daa85b2acd,12/28/2022,Christmas,"Special holiday schedule: Due to Christmas, your order will be delivered on Wednesday, 12/28 instead of Tuesday, 12/27",FALSE,[]
721b2bf6-df31-4ac8-b2ec-c3ba55d2e0fa,98e1a72e-99c3-4f8c-a549-76d1fddd1622,2,3,12/27/2022,b9ff51d2-686e-455d-a13b-d6aaa741a49e,12/28/2022,Christmas,"Special holiday schedule: Due to Christmas, your order will be delivered on Wednesday, 12/28 instead of Tuesday, 12/27",FALSE,[]
e34cc797-29bc-4bbe-bf0a-c1fab2daab2f,5a820b7a-b29f-40de-9964-64e833f5ec1f,2,3,12/27/2022,80530fa0-ba4c-4a87-b80d-7ffd3f0536b2,12/28/2022,Christmas,"Special holiday schedule: Due to Christmas, your order will be delivered on Wednesday, 12/28 instead of Tuesday, 12/27",FALSE,[]
e9442d75-f0c0-401e-9e50-b6aaade54624,e412a14a-ddc3-4f6f-bd5a-e8c1f79fed93,2,3,12/27/2022,821e35dd-9fde-4649-88f0-050d5cd912cd,12/28/2022,Christmas,"Special holiday schedule: Due to Christmas, your order will be delivered on Wednesday, 12/28 instead of Tuesday, 12/27",FALSE,[]
2b55cd5c-5dd2-4d9e-afcd-7b2cc91036a3,50167f8d-7217-4618-b9c8-2ad1d01bd116,2,3,12/27/2022,21732c7b-546c-4f88-8391-92ec88d1580b,12/28/2022,Christmas,"Special holiday schedule: Due to Christmas, your order will be delivered on Wednesday, 12/28 instead of Tuesday, 12/27",FALSE,[]
e34467a7-f867-4ae1-9cda-f9a9b073040c,482c9536-c151-4864-9c91-4a89453f1de5,2,3,12/27/2022,eb87c789-32a1-4fba-8be8-300cf8c4fbf3,12/28/2022,Christmas,"Special holiday schedule: Due to Christmas, your order will be delivered on Wednesday, 12/28 instead of Tuesday, 12/27",FALSE,[]
10eddefc-461a-4702-b96e-45b14bf3b51f,901b764f-f1e8-457a-a156-72dc09c0ffb5,2,3,12/27/2022,346478e5-e667-4428-8907-ca73071d1eef,12/28/2022,Christmas,"Special holiday schedule: Due to Christmas, your order will be delivered on Wednesday, 12/28 instead of Tuesday, 12/27",FALSE,[]
e6255cd3-64e1-4ea6-8b1d-51c77d3a7d63,ecc5a31c-38a7-4b93-a40a-3614405039a1,3,4,12/28/2022,524dd0c2-5580-47c3-9fa8-0b201ccffa1d,12/29/2022,Christmas,"Special holiday schedule: Due to Christmas, your order will be delivered on Thursday, 12/29 instead of Wednesday, 12/28",FALSE,[]
8c9e1d5b-9293-4495-b3fd-358f15441d5c,1099ad9f-8ae8-4f32-92c6-16fe85d93072,3,4,12/28/2022,7749bca9-34b6-4227-b507-396fc4b65684,12/29/2022,Christmas,"Special holiday schedule: Due to Christmas, your order will be delivered on Thursday, 12/29 instead of Wednesday, 12/28",FALSE,[]
fed66326-161a-4e2c-a295-2a0d3ac7389e,104b7818-2787-4e95-86a6-a6976ac27bfe,3,4,12/28/2022,aba067c9-daab-4abc-9ac2-81e5b90f3485,12/29/2022,Christmas,"Special holiday schedule: Due to Christmas, your order will be delivered on Thursday, 12/29 instead of Wednesday, 12/28",FALSE,[]
4483ff9e-fbdf-4c78-b698-f73fc9e4ba51,6b39dc99-b778-4e97-bf2e-b9eda413e026,3,4,12/28/2022,1a697f17-ea60-4667-b6e3-40ca990ce9b6,12/29/2022,Christmas,"Special holiday schedule: Due to Christmas, your order will be delivered on Thursday, 12/29 instead of Wednesday, 12/28",FALSE,[]
dcaf30c9-f7b2-47d1-b630-e8b5f78804b1,7501eee2-0b00-431b-b46c-451d50a83497,3,4,12/28/2022,f9384a4d-8cd2-4c86-bda5-773712822f3c,12/29/2022,Christmas,"Special holiday schedule: Due to Christmas, your order will be delivered on Thursday, 12/29 instead of Wednesday, 12/28",FALSE,[]
cf169ccc-fc54-447d-b0ab-1b800485f218,098906eb-ee14-4f34-9f48-88644db63db0,3,4,12/28/2022,fd9a9ed5-f423-4622-870c-8af7e68bab4c,12/29/2022,Christmas,"Special holiday schedule: Due to Christmas, your order will be delivered on Thursday, 12/29 instead of Wednesday, 12/28",FALSE,[]
216b536b-0e01-4ab7-9d99-794377094b69,aa0a5fb1-c0dc-4c41-be2d-0d5db6e0a7a8,3,4,12/28/2022,e4ddb4a3-b495-4ce4-a95c-37907ec0be8a,12/29/2022,Christmas,"Special holiday schedule: Due to Christmas, your order will be delivered on Thursday, 12/29 instead of Wednesday, 12/28",FALSE,[]
3f797dae-90b4-4054-a5cd-b86ae5cffebe,66d6b3b8-60ea-45eb-b986-bbd3dbb23b71,3,4,12/28/2022,74c4069d-8cc9-45ab-8014-ca51766efa9f,12/29/2022,Christmas,"Special holiday schedule: Due to Christmas, your order will be delivered on Thursday, 12/29 instead of Wednesday, 12/28",FALSE,[]
870d9b9e-a123-406c-896e-dc24c1541c62,73b33630-1c7a-47aa-bdaa-5ede8f993ddb,4,5,12/29/2022,ae0aa641-46b0-4e8c-ab55-5eb2803d6765,12/30/2022,Christmas,"Special holiday schedule: Due to Christmas, your order will be delivered on Friday, 12/30 instead of Thursday, 12/29",FALSE,[]
36ad161c-8591-40ef-b8d4-2297df9860c9,8beeeec9-d9af-42b7-9dce-794329b18cfd,4,5,12/29/2022,e1b1b9e5-f8e8-4958-83af-a11bf649d8dd,12/30/2022,Christmas,"Special holiday schedule: Due to Christmas, your order will be delivered on Friday, 12/30 instead of Thursday, 12/29",FALSE,[]
e6576e51-a7b9-43b4-8b34-e971f961898f,f08ce25e-10e0-4e8b-9fc5-d0596e0740ac,4,5,12/29/2022,f166307c-34ca-4340-86f3-375c24e02f61,12/30/2022,Christmas,"Special holiday schedule: Due to Christmas, your order will be delivered on Friday, 12/30 instead of Thursday, 12/29",FALSE,[]
09d2285f-f76c-4d97-9b5a-d2c02daf5bd9,315660f1-5296-4625-b629-5b87eb117817,4,5,12/29/2022,519dcc87-5059-40f3-b320-5e2b36fe129f,12/30/2022,Christmas,"Special holiday schedule: Due to Christmas, your order will be delivered on Friday, 12/30 instead of Thursday, 12/29",FALSE,[]
d247fd0d-7bca-447b-8035-d71ebcc75887,c69d2972-d98c-4715-a23f-3396f03840ce,4,5,12/29/2022,dce7cb4b-1ae5-48e3-9858-d7b76698dac4,12/30/2022,Christmas,"Special holiday schedule: Due to Christmas, your order will be delivered on Friday, 12/30 instead of Thursday, 12/29",FALSE,[]
e6cbcb0b-8ce7-4dce-8ab6-df26ce06a560,49de0fc8-ca54-48f8-9571-e22c756622df,4,5,12/29/2022,1fd179b2-a9a3-4b93-a41e-d032db079aa0,12/30/2022,Christmas,"Special holiday schedule: Due to Christmas, your order will be delivered on Friday, 12/30 instead of Thursday, 12/29",FALSE,[]
bc1f3d89-0aa9-4def-b25d-7d9f14cd6b96,1a71da33-6b78-43dd-aafd-399713421965,1,2,12/26/2022,7bd36350-ee10-4fec-8266-5493f8d4fa56,12/27/2022,Christmas,"Special holiday schedule: Due to Christmas, your order will be delivered on Tuesday, 12/27 instead of Monday, 12/26",FALSE,[]
825223ff-2772-4724-a190-abc4f83cab69,f828c6b4-f54d-4d82-a0f8-d59d2070e73b,1,2,12/26/2022,37a43538-1efd-44f5-b1cd-b812f286f220,12/27/2022,New Years,"Special holiday schedule: Due to New Years, your order will be delivered on Tuesday, 1/3 instead of Monday, 1/2",FALSE,[]
2939a56d-bd4a-4642-ab4d-ca010b76db73,7a182ad1-d26b-4b87-b5c1-7b385bf30b9f,1,2,12/26/2022,1d58571c-8889-4ee1-937b-3fa1f58c3ee5,12/27/2022,New Years,"Special holiday schedule: Due to New Years, your order will be delivered on Tuesday, 1/3 instead of Monday, 1/2",FALSE,[]
fb33c367-4fe1-4696-be15-8545e36b7f10,5abe3c19-d5ca-4305-b723-94593cdeee93,1,2,12/26/2022,ecd13554-87e0-408a-bff5-0f64b47ffa65,12/27/2022,New Years,"Special holiday schedule: Due to New Years, your order will be delivered on Tuesday, 1/3 instead of Monday, 1/2",FALSE,[]
9bddbbb6-de00-47cb-969d-acc62e401fa7,3ee9e21e-0910-4220-946d-be110b6c087e,1,2,12/26/2022,1073a8fb-7ace-4722-bfc9-fe0653bc248e,12/27/2022,New Years,"Special holiday schedule: Due to New Years, your order will be delivered on Tuesday, 1/3 instead of Monday, 1/2",FALSE,[]
f1c0862c-68f2-45ef-9b5b-2061eb3aaf16,cc5b36cd-8fa8-407e-96f8-b1a534b002f5,1,2,12/26/2022,04322425-56ab-4f6f-9ecf-ecd878544a72,12/27/2022,New Years,"Special holiday schedule: Due to New Years, your order will be delivered on Tuesday, 1/3 instead of Monday, 1/2",FALSE,[]
a426326c-26aa-468a-ba56-5b127f662a6a,256df303-a953-49e6-83ac-12dfe1fe7bbe,1,2,12/26/2022,96f383b5-258b-4ead-9ce8-db6960796c6c,12/27/2022,New Years,"Special holiday schedule: Due to New Years, your order will be delivered on Tuesday, 1/3 instead of Monday, 1/2",FALSE,[]
3155f9e0-d967-4f7d-808a-e570d4485e59,b1c4ffc7-d1b7-480c-9ba2-51bb97516f89,1,2,12/26/2022,d3ab12e9-dfaa-4f40-933a-ead1bbe539d1,12/27/2022,New Years,"Special holiday schedule: Due to New Years, your order will be delivered on Tuesday, 1/3 instead of Monday, 1/2",FALSE,[]
2a80e9b9-ef0e-4900-a00a-6a5f06649ac8,dc1c70cb-a561-4581-b6a9-581557245af2,1,2,12/26/2022,28a76c34-0aae-4072-9add-58e4e965583e,12/27/2022,New Years,"Special holiday schedule: Due to New Years, your order will be delivered on Tuesday, 1/3 instead of Monday, 1/2",FALSE,[]
d8baf3f9-a67f-40da-9782-38169ac6801c,963cbf0b-224d-488c-b4f7-efc200a65ca2,2,3,12/27/2022,25bc57f8-ac2c-4f7d-8b5f-63d6633fd4e1,12/28/2022,New Years,"Special holiday schedule: Due to New Years, your order will be delivered on Wednesday, 1/4 instead of Tuesday, 1/3",FALSE,[]
62703350-f401-4272-9f14-7b18615ecd1e,799414d7-6757-4448-8181-95c6df2e124a,2,3,12/27/2022,885987e7-fb08-4774-ae50-b6856ae90a1e,12/28/2022,New Years,"Special holiday schedule: Due to New Years, your order will be delivered on Wednesday, 1/4 instead of Tuesday, 1/3",FALSE,[]
1dc567ef-47a0-45dd-8175-79df6bd074a0,7e8ef2f8-a268-4d58-8e67-6caeef904022,2,3,12/27/2022,b11fe79d-561c-48d1-bb94-5732dfe46cef,12/28/2022,New Years,"Special holiday schedule: Due to New Years, your order will be delivered on Wednesday, 1/4 instead of Tuesday, 1/3",FALSE,[]
c8fb96ca-3108-4f2c-bdad-ff65e43db160,b9a3bd70-2f24-4c71-b7a5-8fb878a567db,2,3,12/27/2022,ae49a57b-668b-47c4-8c5e-bc85ac28a00e,12/28/2022,New Years,"Special holiday schedule: Due to New Years, your order will be delivered on Wednesday, 1/4 instead of Tuesday, 1/3",FALSE,[]
5da57cb8-4901-4fd9-8b71-56959fd05ee4,430eb096-a043-4d63-a052-6d463b8f0e2a,2,3,12/27/2022,537cd30b-4c36-4f1c-9bc2-c5e8aecf2780,12/28/2022,New Years,"Special holiday schedule: Due to New Years, your order will be delivered on Wednesday, 1/4 instead of Tuesday, 1/3",FALSE,[]
d66cbccd-89a6-4c43-b317-d664042e6c7d,50038150-f7ac-43c3-bed4-a5316f11e46e,2,3,12/27/2022,4433c76f-826b-4ef2-acab-e523c13ffc14,12/28/2022,New Years,"Special holiday schedule: Due to New Years, your order will be delivered on Wednesday, 1/4 instead of Tuesday, 1/3",FALSE,[]
993aae8b-9611-49ff-8e9d-78a5ae28c51b,38ffc46a-021b-4969-9219-a36c5fb0fbf0,2,3,12/27/2022,93c6c3ba-385b-4d8f-9b61-1d741493aabc,12/28/2022,New Years,"Special holiday schedule: Due to New Years, your order will be delivered on Wednesday, 1/4 instead of Tuesday, 1/3",FALSE,[]
9bd121ff-3f72-4c4f-90ee-245ed0a17e06,adf18922-7fd0-4ef5-b518-8fb38ee887ea,2,3,12/27/2022,b8f2e0af-e118-4a26-a13c-b89fca37a5c2,12/28/2022,New Years,"Special holiday schedule: Due to New Years, your order will be delivered on Wednesday, 1/4 instead of Tuesday, 1/3",FALSE,[]
3e0a06c4-8330-4116-b5c8-c13b5260f890,932b79f8-40e1-4523-8065-c22e0c5623fb,3,4,12/28/2022,869b57f6-e5a6-4380-988f-57292c8fd864,12/29/2022,New Years,"Special holiday schedule: Due to New Years, your order will be delivered on Thursday, 1/5 instead of Wednesday, 1/4",FALSE,[]
30f6ce9f-dfa4-4151-8d2f-e74743708416,0d5296b2-2b7b-48ee-8960-905b793caba3,3,4,12/28/2022,90568bec-6cc0-4dad-8d75-c891b0f57922,12/29/2022,New Years,"Special holiday schedule: Due to New Years, your order will be delivered on Thursday, 1/5 instead of Wednesday, 1/4",FALSE,[]
524bb2c1-5bb0-49e2-b396-81593fa14ffb,d59452a6-e799-49a4-a622-84cfeaa3becb,3,4,12/28/2022,efa8c0d3-a2d0-45bd-8d07-f342649f22b9,12/29/2022,New Years,"Special holiday schedule: Due to New Years, your order will be delivered on Thursday, 1/5 instead of Wednesday, 1/4",FALSE,[]
224d0aec-ead1-4c0e-91db-ca458c0f4710,3f136629-a933-40d9-ac32-d351b4a9e128,3,4,12/28/2022,4ff5f76e-8a60-49b4-84d4-97fc9a095b36,12/29/2022,New Years,"Special holiday schedule: Due to New Years, your order will be delivered on Thursday, 1/5 instead of Wednesday, 1/4",FALSE,[]
7c0cdbf6-bf91-4965-9266-48b915d4f9e6,74548c37-f085-43a5-b85d-f342533747bb,3,4,12/28/2022,985f5293-f196-46e4-9da1-f3a1023d47ba,12/29/2022,New Years,"Special holiday schedule: Due to New Years, your order will be delivered on Thursday, 1/5 instead of Wednesday, 1/4",FALSE,[]
e24d78b2-3f55-453a-9b39-688b4225a62e,96b2a2b2-d24e-4b3b-933e-f38851668a39,3,4,12/28/2022,c2640362-319e-465d-8df5-d183ffa47445,12/29/2022,New Years,"Special holiday schedule: Due to New Years, your order will be delivered on Thursday, 1/5 instead of Wednesday, 1/4",FALSE,[]
b0c53ec9-c841-439f-a4a6-bdead0c96eb1,6c486673-70a3-4c86-93e4-f83266c102e1,3,4,12/28/2022,f914059d-742e-4b52-a54f-25ac5fbe3cea,12/29/2022,New Years,"Special holiday schedule: Due to New Years, your order will be delivered on Thursday, 1/5 instead of Wednesday, 1/4",FALSE,[]
3a1f296e-48c6-4635-a8c0-085fcb2dade7,6ea46e65-182f-4dcc-ab1c-c751c8293130,3,4,12/28/2022,b71b127c-e4cb-45f9-b182-f0dac3a1233f,12/29/2022,New Years,"Special holiday schedule: Due to New Years, your order will be delivered on Thursday, 1/5 instead of Wednesday, 1/4",FALSE,[]
5944d9fa-b36d-45b5-83b7-40e0e8a77ff0,33b8726b-29d5-4a36-b6b7-24cec4c16212,4,5,12/29/2022,8d009b02-853e-4406-a961-0c480ab38445,12/30/2022,New Years,"Special holiday schedule: Due to New Years, your order will be delivered on Friday, 1/6 instead of Thursday, 1/5",FALSE,[]
61d4e1b2-ecb4-415e-b47a-a029ae1ba263,a5a1ea5a-b7e2-4055-a64b-86c3766b11fb,4,5,12/29/2022,21a05fcc-e680-4759-bdbb-3376c2fb2032,12/30/2022,New Years,"Special holiday schedule: Due to New Years, your order will be delivered on Friday, 1/6 instead of Thursday, 1/5",FALSE,[]
65d08859-5cfc-447f-ac04-64e145aec754,a1df03a8-b175-484e-a09a-ce9c3b17e012,4,5,12/29/2022,42bc4f92-7026-4f43-9372-0792af48a14b,12/30/2022,New Years,"Special holiday schedule: Due to New Years, your order will be delivered on Friday, 1/6 instead of Thursday, 1/5",FALSE,[]
c9f72f28-18ee-4cbb-b5af-85f77352e369,a255969a-8336-4033-9fac-dcc6fdaa8f9d,4,5,12/29/2022,0949fceb-a3f6-49e6-b6b5-7ea84e9afe45,12/30/2022,New Years,"Special holiday schedule: Due to New Years, your order will be delivered on Friday, 1/6 instead of Thursday, 1/5",FALSE,[]
6b8a9b06-2814-49ce-8af1-bf7f42472792,d4ba34e7-346a-4114-b359-2cddf0e32961,4,5,12/29/2022,72857215-ac8d-418e-9065-a38ea54f1064,12/30/2022,New Years,"Special holiday schedule: Due to New Years, your order will be delivered on Friday, 1/6 instead of Thursday, 1/5",FALSE,[]
5c539c11-601e-4de8-9b89-84c258fffc89,cd564b4c-419c-4af1-8b39-32743663d14e,4,5,12/29/2022,8b66c60b-4dab-4a73-923d-262e2ac8b75a,12/30/2022,New Years,"Special holiday schedule: Due to New Years, your order will be delivered on Friday, 1/6 instead of Thursday, 1/5",FALSE,[]
c56aedd5-3955-4c0e-9c2c-a4fc64825e59,38ebca8e-6bc8-4d6a-abdc-0817cc79ac08,4,5,12/29/2022,033a30bd-8ab4-40d0-bef3-28d41e662b3c,12/30/2022,New Years,"Special holiday schedule: Due to New Years, your order will be delivered on Friday, 1/6 instead of Thursday, 1/5",FALSE,[]
dac81d34-8e68-4270-b774-f6175bce72a8,9764c226-d3fb-4ca6-9498-7788fd1e2071,4,5,12/29/2022,bc4511ae-4f42-4af3-9a37-880daf4a1552,12/30/2022,New Years,"Special holiday schedule: Due to New Years, your order will be delivered on Friday, 1/6 instead of Thursday, 1/5",FALSE,[]
3bde59a0-3b47-42ae-88bc-65fbc25415c4,350a4688-0294-41ed-b824-68fb76d0fff8,1,2,12/26/2022,1ba78270-0a78-4a5e-a3f8-5bd2acd7e3e3,12/27/2022,New Years,"Special holiday schedule: Due to New Years, your order will be delivered on Tuesday, 1/3 instead of Monday, 1/2",FALSE,[]
69a54756-b02a-44cc-b73f-91328ffc3888,a66e8a6b-e1b6-46ec-9366-22083f19bc74,1,2,12/26/2022,e3020660-e073-46c7-bf05-10878e496f42,12/27/2022,New Years,"Special holiday schedule: Due to New Years, your order will be delivered on Tuesday, 1/3 instead of Monday, 1/2",FALSE,[]
52e687a4-b6dd-4a69-a5b0-945131b21ec5,e12263ec-2b4a-432b-9783-c6cea373ee6c,1,2,12/26/2022,ad3b947f-0551-4891-b5fa-860503ffad80,12/27/2022,New Years,"Special holiday schedule: Due to New Years, your order will be delivered on Tuesday, 1/3 instead of Monday, 1/2",FALSE,[]
84ea2615-72e4-446b-a5e8-84a4075678aa,09fd7c48-84f6-469a-beeb-a730922efbbc,1,2,12/26/2022,0b597650-aa36-4b32-ba29-b22560ad4815,12/27/2022,New Years,"Special holiday schedule: Due to New Years, your order will be delivered on Tuesday, 1/3 instead of Monday, 1/2",FALSE,[]
9ab88437-4f9d-4f16-8b32-e555c2748ecf,71d3fc78-883f-4361-9961-f1055060ca6a,1,2,12/26/2022,c8e7b30f-94fb-46a3-8ae6-5b5d751530de,12/27/2022,New Years,"Special holiday schedule: Due to New Years, your order will be delivered on Tuesday, 1/3 instead of Monday, 1/2",FALSE,[]
30ded97e-338f-4908-9f15-c7042ac620a1,f8b7eb84-e552-4de9-8b7b-d8378b985183,1,2,12/26/2022,0528eb28-86f7-4679-a1ea-3b22baea5227,12/27/2022,New Years,"Special holiday schedule: Due to New Years, your order will be delivered on Tuesday, 1/3 instead of Monday, 1/2",FALSE,[]
92c17b82-9c6b-445c-ad7a-fc7f65cc890e,951d445c-ea63-4b87-b335-697f9204c606,2,3,12/27/2022,03409618-9ad6-4279-a9df-1e4ff6d474ab,12/28/2022,New Years,"Special holiday schedule: Due to New Years, your order will be delivered on Wednesday, 1/4 instead of Tuesday, 1/3",FALSE,[]
95d09752-dfbe-404d-9080-6df6522281da,3426c2fb-c9dc-4609-b0ca-a056a601b562,2,3,12/27/2022,19d3e0d2-a0e1-41cd-8422-319ba3b4e7ed,12/28/2022,New Years,"Special holiday schedule: Due to New Years, your order will be delivered on Wednesday, 1/4 instead of Tuesday, 1/3",FALSE,[]
14e09c82-2c32-40d5-a27b-75e596d55ba5,014af6b4-346e-4d70-88ad-fa4304df701c,2,3,12/27/2022,96880602-611a-4dfb-9743-7bbb8a3ef1e2,12/28/2022,New Years,"Special holiday schedule: Due to New Years, your order will be delivered on Wednesday, 1/4 instead of Tuesday, 1/3",FALSE,[]
1fc351de-c672-404e-9f1f-5973dde0f33d,c7aeb972-c385-4445-af4a-7e9458d0b408,2,3,12/27/2022,311326dc-7b76-4e03-ab98-7f6b65610e65,12/28/2022,New Years,"Special holiday schedule: Due to New Years, your order will be delivered on Wednesday, 1/4 instead of Tuesday, 1/3",FALSE,[]
417abd18-9119-4a0e-91d5-0fdc7125d239,5acdd23e-92e8-405b-91d8-d281c72796c5,2,3,12/27/2022,4182c9aa-9fda-400a-b2dd-0b15f281ac40,12/28/2022,New Years,"Special holiday schedule: Due to New Years, your order will be delivered on Wednesday, 1/4 instead of Tuesday, 1/3",FALSE,[]
6cf6d35d-d66d-47c9-a16c-9d4d822469e8,baf11358-e9bb-443f-8b63-e8e108bc9665,3,4,12/28/2022,3a21dc61-a139-457e-9244-03ce7d140daa,12/29/2022,New Years,"Special holiday schedule: Due to New Years, your order will be delivered on Thursday, 1/5 instead of Wednesday, 1/4",FALSE,[]
ac4e5825-e116-4c71-b662-dcc3dd43734f,8d36da6c-95ad-422b-83fa-d67a35abfe02,3,4,12/28/2022,1fbcc72b-bfbe-4e7c-ab62-4889b08e278c,12/29/2022,New Years,"Special holiday schedule: Due to New Years, your order will be delivered on Thursday, 1/5 instead of Wednesday, 1/4",FALSE,[]
c73448e8-222f-4f43-9dc7-e9e39594fae4,89b4d9db-cb6c-48ff-8c5a-8220d2bcfe31,3,4,12/28/2022,1c067b68-e1e2-43a9-91f6-c244a9761653,12/29/2022,New Years,"Special holiday schedule: Due to New Years, your order will be delivered on Thursday, 1/5 instead of Wednesday, 1/4",FALSE,[]
eefb36f9-9efb-4d86-af8c-b1ed10a4d5c8,7ddd2473-3167-47ae-a492-100f87048405,3,4,12/28/2022,685ec0af-29a5-4d53-91ad-075ffa6ee800,12/29/2022,New Years,"Special holiday schedule: Due to New Years, your order will be delivered on Thursday, 1/5 instead of Wednesday, 1/4",FALSE,[]
da693a14-c815-41c2-bf90-10e170c39631,7b64c42d-6cd0-47dd-bc6b-22098565ac4d,4,5,12/29/2022,4fcbf5b5-ec23-454e-a1b7-e09b900456da,12/30/2022,New Years,"Special holiday schedule: Due to New Years, your order will be delivered on Friday, 1/6 instead of Thursday, 1/5",FALSE,[]
1358a163-8a86-4bab-af36-4baef42e5cc9,2c46e668-3337-4929-bd15-95d5769103c3,4,5,12/29/2022,436bd2b2-1a96-49e7-b82d-4f566274f718,12/30/2022,New Years,"Special holiday schedule: Due to New Years, your order will be delivered on Friday, 1/6 instead of Thursday, 1/5",FALSE,[]
f6f9cee6-2799-4f25-b23a-766cfd378f72,b5975bc1-140f-4fd7-a8e0-70a352abe01d,4,5,12/29/2022,2fd44dfc-7c12-4592-bf83-2fca9ff52577,12/30/2022,New Years,"Special holiday schedule: Due to New Years, your order will be delivered on Friday, 1/6 instead of Thursday, 1/5",FALSE,[]
ebec2ad3-cc35-463f-9db8-c276d38ecb4e,863f927e-b0da-4a4c-b2df-43bd6327f392,1,2,12/26/2022,ed57c136-09af-4f1c-bda9-a9caca0ab112,12/27/2022,New Years,"Special holiday schedule: Due to New Years, your order will be delivered on Tuesday, 1/3 instead of Monday, 1/2",FALSE,[]
d51b00b1-1762-45e1-8690-406765420104,17cf2a65-253f-467b-9d5d-ee4764877f92,1,2,12/26/2022,7608f204-3d6a-414d-bd76-bfc809275d08,12/27/2022,New Years,"Special holiday schedule: Due to New Years, your order will be delivered on Tuesday, 1/3 instead of Monday, 1/2",FALSE,[]
26a30734-4d26-4a63-bea1-104471e55e44,0959b963-a82a-4e8f-a1f6-5217300e202d,1,2,12/26/2022,2c1a9f41-0b75-473d-835f-e47166b080d4,12/27/2022,New Years,"Special holiday schedule: Due to New Years, your order will be delivered on Tuesday, 1/3 instead of Monday, 1/2",FALSE,[]
ba207a04-94d7-4300-8d7e-9268e5f0c439,845818ba-b18f-44ed-8ae6-9e8a283e12f3,1,2,12/26/2022,072fac95-9d2f-4250-a35c-00c54321b671,12/27/2022,New Years,"Special holiday schedule: Due to New Years, your order will be delivered on Tuesday, 1/3 instead of Monday, 1/2",FALSE,[]
293bab7b-8bb8-444a-8724-4461500203f0,c2ad8cbf-4e3f-4e76-992d-eb9a303168eb,1,2,12/26/2022,77f3ef4d-c850-4349-ae68-7fee327f01b0,12/27/2022,New Years,"Special holiday schedule: Due to New Years, your order will be delivered on Tuesday, 1/3 instead of Monday, 1/2",FALSE,[]
0a5f2ca1-ce6b-4a92-8b5f-e02d35989f63,ca4ad9a2-7364-4c95-9aa7-441e050d4f3d,1,2,12/26/2022,c299f309-bde6-4fdc-a9ff-d9e9c195865e,12/27/2022,New Years,"Special holiday schedule: Due to New Years, your order will be delivered on Tuesday, 1/3 instead of Monday, 1/2",FALSE,[]
deb80556-5d02-4d51-b04f-8b5ff074533a,dbe934c6-5b94-4a60-8f05-9859f98fabf3,1,2,12/26/2022,e9bfc443-52ac-4e9b-830d-483a753922a4,12/27/2022,New Years,"Special holiday schedule: Due to New Years, your order will be delivered on Tuesday, 1/3 instead of Monday, 1/2",FALSE,[]
d0e3023c-284c-4688-9f7c-0c2e69bb1151,b25d9d60-8f8a-4f11-bc6d-42ed8a3899d7,1,2,12/26/2022,8f79e8fd-5312-4b76-a64f-ab7b2dcaef7c,12/27/2022,New Years,"Special holiday schedule: Due to New Years, your order will be delivered on Tuesday, 1/3 instead of Monday, 1/2",FALSE,[]
78afafdd-0d11-4f9c-b56e-9c6d96c850e4,bd14eafa-0486-4a0c-aeac-2b4021c72c9d,2,3,12/27/2022,9cb31241-e87c-43f6-a0f5-2107131761fe,12/28/2022,New Years,"Special holiday schedule: Due to New Years, your order will be delivered on Wednesday, 1/4 instead of Tuesday, 1/3",FALSE,[]
8046e535-5b27-4498-be89-b11ad128938a,f4a60b0d-24bc-4e6a-931c-eb78f14e9941,2,3,12/27/2022,153750c5-e046-4373-ba9a-c39f5c5d3489,12/28/2022,New Years,"Special holiday schedule: Due to New Years, your order will be delivered on Wednesday, 1/4 instead of Tuesday, 1/3",FALSE,[]
afa2f540-c295-4ed5-b688-8caa6ddd1ab8,b60137aa-c315-449b-9ab6-9b88233debcf,2,3,12/27/2022,78a2a782-69d1-4230-ac51-591286ce145d,12/28/2022,New Years,"Special holiday schedule: Due to New Years, your order will be delivered on Wednesday, 1/4 instead of Tuesday, 1/3",FALSE,[]
89001532-d744-40ba-b679-f6faf72c1b69,46e04224-a568-4c91-be74-83fccc75e80c,2,3,12/27/2022,754e914b-98c8-400f-993a-9c462534e858,12/28/2022,New Years,"Special holiday schedule: Due to New Years, your order will be delivered on Wednesday, 1/4 instead of Tuesday, 1/3",FALSE,[]
f6dcfc55-3269-4006-8987-bf0ef7b6cc5c,001dc390-909e-49b2-a12c-87850d476daa,2,3,12/27/2022,d301df10-b9ee-4ef5-8775-aa7ab133f40b,12/28/2022,New Years,"Special holiday schedule: Due to New Years, your order will be delivered on Wednesday, 1/4 instead of Tuesday, 1/3",FALSE,[]
fcfd9fa8-d974-4a54-8af2-1d4b308f9eba,0975482e-d7be-45a6-a35b-3df27ab57493,2,3,12/27/2022,d70772b6-374d-4d55-870a-88e065f83521,12/28/2022,New Years,"Special holiday schedule: Due to New Years, your order will be delivered on Wednesday, 1/4 instead of Tuesday, 1/3",FALSE,[]
7f1b90ff-277c-4cd2-844d-5f7ad3a054aa,075d9f7c-4483-40fd-9877-ec02152d5742,2,3,12/27/2022,79ed7474-322a-44bb-bbec-e115bea31a71,12/28/2022,New Years,"Special holiday schedule: Due to New Years, your order will be delivered on Wednesday, 1/4 instead of Tuesday, 1/3",FALSE,[]
8ef766ef-9883-4f03-9792-f70bc05addae,7a7e2a86-dc91-44b4-8d68-ada60f0f20f6,3,4,12/28/2022,4c1e38ec-163a-4418-9042-ab3f63e3d68d,12/29/2022,New Years,"Special holiday schedule: Due to New Years, your order will be delivered on Thursday, 1/5 instead of Wednesday, 1/4",FALSE,[]
22f10977-cd18-4846-8348-4fd0283db5e1,0175cdaf-e972-44b6-ace8-cb591a2cdef8,3,4,12/28/2022,d55c8be5-cea1-45e0-b5ed-e39a1684f002,12/29/2022,New Years,"Special holiday schedule: Due to New Years, your order will be delivered on Thursday, 1/5 instead of Wednesday, 1/4",FALSE,[]
41c156d6-4424-443d-9821-e8e2bdac9e1a,fb76ba2c-bc7d-4e2d-a150-a28b036ef400,3,4,12/28/2022,7953309a-1713-4690-9a8d-eab7048f5f4a,12/29/2022,New Years,"Special holiday schedule: Due to New Years, your order will be delivered on Thursday, 1/5 instead of Wednesday, 1/4",FALSE,[]
4c4056c7-c5a8-4845-b9d4-01f83d50a952,9d9023bf-90f7-4435-a6af-79764cafad53,3,4,12/28/2022,e7df2aeb-15f1-4c6f-acdb-72969ecff67f,12/29/2022,New Years,"Special holiday schedule: Due to New Years, your order will be delivered on Thursday, 1/5 instead of Wednesday, 1/4",FALSE,[]
f02c6339-06b4-4494-a814-5e9fd6673bac,9a348ab1-8d21-4ce7-83ac-7558adbd8329,3,4,12/28/2022,7b0c5994-228b-4755-990d-b756fd43efab,12/29/2022,New Years,"Special holiday schedule: Due to New Years, your order will be delivered on Thursday, 1/5 instead of Wednesday, 1/4",FALSE,[]
72374115-7dad-40e2-9ce2-13413aab42e2,37e0afb9-bae8-4e80-95ef-0ba1c2cd9bce,3,4,12/28/2022,113d1dac-be9e-46f0-8847-c73b24865bac,12/29/2022,New Years,"Special holiday schedule: Due to New Years, your order will be delivered on Thursday, 1/5 instead of Wednesday, 1/4",FALSE,[]
1c620cd4-19d6-4af5-8b12-78d659894453,b4bfb6ac-2215-45c9-9556-8c9d04a11351,3,4,12/28/2022,787eedea-5b5b-4bac-9482-e7f96bac90d2,12/29/2022,New Years,"Special holiday schedule: Due to New Years, your order will be delivered on Thursday, 1/5 instead of Wednesday, 1/4",FALSE,[]
9f3bdfd6-e627-43e5-b064-eeb92f61101a,0a9067fe-e243-4c35-8f97-a213f26eb41e,4,5,12/29/2022,f56032dd-8b90-4ac6-8d95-37d16937dd3e,12/30/2022,New Years,"Special holiday schedule: Due to New Years, your order will be delivered on Friday, 1/6 instead of Thursday, 1/5",FALSE,[]
264d289e-3ab2-4cc1-ac33-ca6cc6b51070,89dcbf4e-db78-4013-bc29-2770bd33a1ec,4,5,12/29/2022,358a702b-d1d3-49fc-9ea9-55b4876b51ed,12/30/2022,New Years,"Special holiday schedule: Due to New Years, your order will be delivered on Friday, 1/6 instead of Thursday, 1/5",FALSE,[]
b2ef354a-ef06-480b-a48f-4fb3e27f23f8,786f9695-d721-4332-8e95-b5bf7ee1e398,4,5,12/29/2022,05f830fe-7721-4123-94a1-bed8a9b93032,12/30/2022,New Years,"Special holiday schedule: Due to New Years, your order will be delivered on Friday, 1/6 instead of Thursday, 1/5",FALSE,[]
12e2eabb-6bb6-4f26-95a7-a337e2b982a8,e5dbebd6-16bd-4239-aa66-2e1aa42c3c2c,4,5,12/29/2022,d78e39bc-8044-446c-94ac-b92c493dd5d8,12/30/2022,New Years,"Special holiday schedule: Due to New Years, your order will be delivered on Friday, 1/6 instead of Thursday, 1/5",FALSE,[]
401f0153-2748-4603-ab0e-b7bd18f0a116,60b68572-38de-41c5-a711-18cea725e83b,4,5,12/29/2022,17ce0134-d77d-41c7-9772-d437689e7ba8,12/30/2022,New Years,"Special holiday schedule: Due to New Years, your order will be delivered on Friday, 1/6 instead of Thursday, 1/5",FALSE,[]
271ea5ca-dd97-455f-bb7b-15e116b66898,b0e6bf59-5ef9-43bb-897a-4d08f2144862,4,5,12/29/2022,44271826-b29f-42f8-83f0-855d48e9d809,12/30/2022,New Years,"Special holiday schedule: Due to New Years, your order will be delivered on Friday, 1/6 instead of Thursday, 1/5",FALSE,[]
d60b0d34-0bdf-4ac3-93b9-8f32967a94c7,0540cb6f-b7a4-435a-8385-94e79fa11a1d,4,5,12/29/2022,b0568ef3-c0e0-4fb9-bf55-f8c9acab10e1,12/30/2022,New Years,"Special holiday schedule: Due to New Years, your order will be delivered on Friday, 1/6 instead of Thursday, 1/5",FALSE,[]
d4fc9cc7-e62f-4044-a944-285ce104bb9e,c9449c3d-f12f-472e-95bf-4efaead39a0e,1,2,12/26/2022,b01762a5-0c2e-49b5-bd3b-35ffc3a7b23c,12/27/2022,New Years,"Special holiday schedule: Due to New Years, your order will be delivered on Tuesday, 1/3 instead of Monday, 1/2",FALSE,[]
b757f8f3-3c58-4fe5-a595-12c61a8de09e,ed93b5a0-230a-44e8-85ca-33f254d69321,1,2,12/26/2022,56297eaa-5194-465e-9639-65de9a847645,12/27/2022,New Years,"Special holiday schedule: Due to New Years, your order will be delivered on Tuesday, 1/3 instead of Monday, 1/2",FALSE,[]
d54b4c3d-80cc-46a1-91b2-df9ee2521233,04912364-e308-4c45-a364-32c19dfeaac9,1,2,12/26/2022,f41e538f-9a44-4b71-842e-140bf8058761,12/27/2022,New Years,"Special holiday schedule: Due to New Years, your order will be delivered on Tuesday, 1/3 instead of Monday, 1/2",FALSE,[]
c84ba52f-4359-47ac-9ab3-b252b344c592,79b40776-6675-4f2e-9a64-566ef8f7bf97,1,2,12/26/2022,afffb086-2edc-487f-a5dc-72e24a5421dd,12/27/2022,New Years,"Special holiday schedule: Due to New Years, your order will be delivered on Tuesday, 1/3 instead of Monday, 1/2",FALSE,[]
f71f274f-b79b-44d4-9c21-d47013abf5d4,db60a51f-ffab-400a-a6cc-d9a83899b505,1,2,12/26/2022,abcd3512-2343-40c5-a9e1-bc99b9248d37,12/27/2022,New Years,"Special holiday schedule: Due to New Years, your order will be delivered on Tuesday, 1/3 instead of Monday, 1/2",FALSE,[]
f9034b2e-eff6-45bd-93bd-61698b547749,53496958-8691-40df-87a2-f81a7f35c4df,1,2,12/26/2022,99a509f0-f9c3-4ded-a0be-5ca10156a4a8,12/27/2022,New Years,"Special holiday schedule: Due to New Years, your order will be delivered on Tuesday, 1/3 instead of Monday, 1/2",FALSE,[]
cd4a3622-1217-4d18-987d-6bce6717a0c4,c1810aa2-50e6-4c9a-93d7-74a455464769,1,2,12/26/2022,f3cbd292-3050-43a4-be31-7ee06824f664,12/27/2022,New Years,"Special holiday schedule: Due to New Years, your order will be delivered on Tuesday, 1/3 instead of Monday, 1/2",FALSE,[]
d3e9fc6c-38b2-4326-b874-194e8b3b5126,a62f84a7-d27e-4a2f-95d0-35d474fa5860,1,2,12/26/2022,b8bd91fc-ae6c-4a0a-acdd-5d85d7e41dc1,12/27/2022,New Years,"Special holiday schedule: Due to New Years, your order will be delivered on Tuesday, 1/3 instead of Monday, 1/2",FALSE,[]
4c898400-846c-48e7-9b2c-6307cd02c892,7b3b57e1-0eaa-4957-927d-5827e121d81d,1,2,12/26/2022,cfc152dc-2726-4ce3-b17e-46c33a739d20,12/27/2022,New Years,"Special holiday schedule: Due to New Years, your order will be delivered on Tuesday, 1/3 instead of Monday, 1/2",FALSE,[]
dc2333b9-dadb-46ed-86ea-82b0f056b98e,4ad11863-b276-4326-8a2b-cbb1bd583bb3,1,2,12/26/2022,92dd3d8c-518e-4951-88e8-2e4cca36f2f0,12/27/2022,New Years,"Special holiday schedule: Due to New Years, your order will be delivered on Tuesday, 1/3 instead of Monday, 1/2",FALSE,[]
30518398-a75a-4594-8030-ac5d4cb4f5f5,e05a3bbd-2e2f-426c-9d27-f3a724dc8596,1,2,12/26/2022,59339e34-6abf-4741-9ec2-fcc9f9b3b09f,12/27/2022,New Years,"Special holiday schedule: Due to New Years, your order will be delivered on Tuesday, 1/3 instead of Monday, 1/2",FALSE,[]
9e8b9419-3f6b-45ea-990a-a6cea38854cf,d2b4ffcc-73c0-4b95-a119-2f56c80821fa,1,2,12/26/2022,895a9496-63a9-4ac3-b215-8dd53501c0cb,12/27/2022,New Years,"Special holiday schedule: Due to New Years, your order will be delivered on Tuesday, 1/3 instead of Monday, 1/2",FALSE,[]
77dbf075-c807-46d2-8ec4-e69c12fc7e62,d998d7cb-0232-4e05-8f45-0c43ecd3e020,1,2,12/26/2022,88485589-0ee3-4aef-8331-a40a6cfa024a,12/27/2022,New Years,"Special holiday schedule: Due to New Years, your order will be delivered on Tuesday, 1/3 instead of Monday, 1/2",FALSE,[]
b74abe61-9f2d-470a-bf9f-3413f83cc7ee,0f0d3e31-e6f2-4717-8ff9-982e9df242d4,1,2,12/26/2022,7edde621-ad5d-401e-9b12-5f81f1daa162,12/27/2022,New Years,"Special holiday schedule: Due to New Years, your order will be delivered on Tuesday, 1/3 instead of Monday, 1/2",FALSE,[]
e9d14ce3-01fa-437e-ad2b-2e893674b913,9a32d9ce-44a7-454d-96aa-1da6897adfcf,2,3,12/27/2022,a6fbefbb-bd13-471e-a774-864358a85809,12/28/2022,New Years,"Special holiday schedule: Due to New Years, your order will be delivered on Wednesday, 1/4 instead of Tuesday, 1/3",FALSE,[]
34b25783-0d3b-4d12-a223-f8d14ec52ac6,de6cd28d-3674-4947-bd2c-ad553da80ff4,2,3,12/27/2022,0e7ab129-6414-467c-b1f5-0e714b636f08,12/28/2022,New Years,"Special holiday schedule: Due to New Years, your order will be delivered on Wednesday, 1/4 instead of Tuesday, 1/3",FALSE,[]
bb2dc499-d1f2-489c-ba5a-2e1a1ee32730,82e37986-8179-4879-b3f6-db198594c0ed,2,3,12/27/2022,f7b12ec5-1f38-4111-89a7-c4daa85b2acd,12/28/2022,New Years,"Special holiday schedule: Due to New Years, your order will be delivered on Wednesday, 1/4 instead of Tuesday, 1/3",FALSE,[]
12c8b86c-be1d-4c92-8e48-7193325bd432,98e1a72e-99c3-4f8c-a549-76d1fddd1622,2,3,12/27/2022,b9ff51d2-686e-455d-a13b-d6aaa741a49e,12/28/2022,New Years,"Special holiday schedule: Due to New Years, your order will be delivered on Wednesday, 1/4 instead of Tuesday, 1/3",FALSE,[]
7938c5a7-f194-4e5a-adef-e277abbcaa06,5a820b7a-b29f-40de-9964-64e833f5ec1f,2,3,12/27/2022,80530fa0-ba4c-4a87-b80d-7ffd3f0536b2,12/28/2022,New Years,"Special holiday schedule: Due to New Years, your order will be delivered on Wednesday, 1/4 instead of Tuesday, 1/3",FALSE,[]
79f66793-227c-47ec-a91e-ace6ffaecfa3,e412a14a-ddc3-4f6f-bd5a-e8c1f79fed93,2,3,12/27/2022,821e35dd-9fde-4649-88f0-050d5cd912cd,12/28/2022,New Years,"Special holiday schedule: Due to New Years, your order will be delivered on Wednesday, 1/4 instead of Tuesday, 1/3",FALSE,[]
e0f052b7-ac2f-487b-9de4-6a5f9b5a7c28,50167f8d-7217-4618-b9c8-2ad1d01bd116,2,3,12/27/2022,21732c7b-546c-4f88-8391-92ec88d1580b,12/28/2022,New Years,"Special holiday schedule: Due to New Years, your order will be delivered on Wednesday, 1/4 instead of Tuesday, 1/3",FALSE,[]
9bc23e8b-b22e-4500-8eb9-d175ab287e08,482c9536-c151-4864-9c91-4a89453f1de5,2,3,12/27/2022,eb87c789-32a1-4fba-8be8-300cf8c4fbf3,12/28/2022,New Years,"Special holiday schedule: Due to New Years, your order will be delivered on Wednesday, 1/4 instead of Tuesday, 1/3",FALSE,[]
44feab6f-8be6-454d-b034-3c84017f1c57,901b764f-f1e8-457a-a156-72dc09c0ffb5,2,3,12/27/2022,346478e5-e667-4428-8907-ca73071d1eef,12/28/2022,New Years,"Special holiday schedule: Due to New Years, your order will be delivered on Wednesday, 1/4 instead of Tuesday, 1/3",FALSE,[]
215649b8-0eb5-4193-9713-309981ce85a9,ecc5a31c-38a7-4b93-a40a-3614405039a1,3,4,12/28/2022,524dd0c2-5580-47c3-9fa8-0b201ccffa1d,12/29/2022,New Years,"Special holiday schedule: Due to New Years, your order will be delivered on Thursday, 1/5 instead of Wednesday, 1/4",FALSE,[]
302b883a-201d-4d06-8b6b-c10f59ee0555,1099ad9f-8ae8-4f32-92c6-16fe85d93072,3,4,12/28/2022,7749bca9-34b6-4227-b507-396fc4b65684,12/29/2022,New Years,"Special holiday schedule: Due to New Years, your order will be delivered on Thursday, 1/5 instead of Wednesday, 1/4",FALSE,[]
e8143251-dbe1-4228-a965-68e6eb75f871,104b7818-2787-4e95-86a6-a6976ac27bfe,3,4,12/28/2022,aba067c9-daab-4abc-9ac2-81e5b90f3485,12/29/2022,New Years,"Special holiday schedule: Due to New Years, your order will be delivered on Thursday, 1/5 instead of Wednesday, 1/4",FALSE,[]
6c905482-80b7-48f3-994d-a00690578211,6b39dc99-b778-4e97-bf2e-b9eda413e026,3,4,12/28/2022,1a697f17-ea60-4667-b6e3-40ca990ce9b6,12/29/2022,New Years,"Special holiday schedule: Due to New Years, your order will be delivered on Thursday, 1/5 instead of Wednesday, 1/4",FALSE,[]
da37a3e1-ed0e-4a89-97a1-2dfce153db55,7501eee2-0b00-431b-b46c-451d50a83497,3,4,12/28/2022,f9384a4d-8cd2-4c86-bda5-773712822f3c,12/29/2022,New Years,"Special holiday schedule: Due to New Years, your order will be delivered on Thursday, 1/5 instead of Wednesday, 1/4",FALSE,[]
40b03dee-260e-4850-81a5-715c5e31b801,098906eb-ee14-4f34-9f48-88644db63db0,3,4,12/28/2022,fd9a9ed5-f423-4622-870c-8af7e68bab4c,12/29/2022,New Years,"Special holiday schedule: Due to New Years, your order will be delivered on Thursday, 1/5 instead of Wednesday, 1/4",FALSE,[]
763d0fed-56e3-4089-ae59-f34f9604446d,aa0a5fb1-c0dc-4c41-be2d-0d5db6e0a7a8,3,4,12/28/2022,e4ddb4a3-b495-4ce4-a95c-37907ec0be8a,12/29/2022,New Years,"Special holiday schedule: Due to New Years, your order will be delivered on Thursday, 1/5 instead of Wednesday, 1/4",FALSE,[]
298efef9-b6cf-469b-8078-0c783d41939f,66d6b3b8-60ea-45eb-b986-bbd3dbb23b71,3,4,12/28/2022,74c4069d-8cc9-45ab-8014-ca51766efa9f,12/29/2022,New Years,"Special holiday schedule: Due to New Years, your order will be delivered on Thursday, 1/5 instead of Wednesday, 1/4",FALSE,[]
b02beebd-85be-4396-81ef-a72e1c02f043,73b33630-1c7a-47aa-bdaa-5ede8f993ddb,4,5,12/29/2022,ae0aa641-46b0-4e8c-ab55-5eb2803d6765,12/30/2022,New Years,"Special holiday schedule: Due to New Years, your order will be delivered on Friday, 1/6 instead of Thursday, 1/5",FALSE,[]
84d42470-4efa-4666-9320-a9ad97481f64,8beeeec9-d9af-42b7-9dce-794329b18cfd,4,5,12/29/2022,e1b1b9e5-f8e8-4958-83af-a11bf649d8dd,12/30/2022,New Years,"Special holiday schedule: Due to New Years, your order will be delivered on Friday, 1/6 instead of Thursday, 1/5",FALSE,[]
bf0f7481-1a26-46ee-9d75-63a3358945bf,f08ce25e-10e0-4e8b-9fc5-d0596e0740ac,4,5,12/29/2022,f166307c-34ca-4340-86f3-375c24e02f61,12/30/2022,New Years,"Special holiday schedule: Due to New Years, your order will be delivered on Friday, 1/6 instead of Thursday, 1/5",FALSE,[]
1989e5f7-4bdc-41ff-b15b-9ed1a989a2e9,315660f1-5296-4625-b629-5b87eb117817,4,5,12/29/2022,519dcc87-5059-40f3-b320-5e2b36fe129f,12/30/2022,New Years,"Special holiday schedule: Due to New Years, your order will be delivered on Friday, 1/6 instead of Thursday, 1/5",FALSE,[]
f756f727-7fcb-484f-85c3-2606b9682fbb,c69d2972-d98c-4715-a23f-3396f03840ce,4,5,12/29/2022,dce7cb4b-1ae5-48e3-9858-d7b76698dac4,12/30/2022,New Years,"Special holiday schedule: Due to New Years, your order will be delivered on Friday, 1/6 instead of Thursday, 1/5",FALSE,[]
1c6385a1-e6d7-4963-a7e0-ce0262849835,49de0fc8-ca54-48f8-9571-e22c756622df,4,5,12/29/2022,1fd179b2-a9a3-4b93-a41e-d032db079aa0,12/30/2022,New Years,"Special holiday schedule: Due to New Years, your order will be delivered on Friday, 1/6 instead of Thursday, 1/5",FALSE,[]
66aa4a7b-32f9-4278-993d-b843cf992761,1a71da33-6b78-43dd-aafd-399713421965,1,2,12/26/2022,7bd36350-ee10-4fec-8266-5493f8d4fa56,12/27/2022,New Years,"Special holiday schedule: Due to New Years, your order will be delivered on Tuesday, 1/3 instead of Monday, 1/2",FALSE,[]